CORREL,CHISQR,INTERSECT,BHATTACHARYYA,EMD,Screen_Transition
0.999999999,4.35E-07,0.999983387,0.000205255785,4.35E-07,0
1,2.09E-07,0.999984364,0.000142003266,2.08E-07,0
1,1.91E-07,0.999981533,0.000136462571,1.92E-07,0
1,0,1.000000176,0,0,0
0.999838897,0.510427783,0.96559566,0.108193561,0.0950472074,0
1,5.64E-06,0.999975414,0.00152588706,1.31E-05,0
0.0225841445,200.9346479,0.112603839,0.885819677,7.867065685,1
0.999990664,0.00635771065,0.996718451,0.0159268044,0.00564822026,0
0.99999999,8.66E-05,0.999862269,0.00223536675,9.73E-05,0
0.999664768,0.686930735,0.944770435,0.108027508,0.224510242,0
0.999999258,0.00169019722,0.999285444,0.00759377982,0.00127480859,0
0.999999261,0.00100516717,0.99939162,0.00740144586,0.00120484789,0
0.99999736,0.00323643159,0.997537295,0.0131691505,0.00385319454,0
0.999999265,0.000919549004,0.999449034,0.00661340859,0.00103831707,0
0.999963487,0.26434617,0.974082156,0.0882186029,0.14721287,0
0.999904401,0.502704771,0.958441858,0.0978667182,0.183010512,0
0.999998678,0.0014569751,0.998496309,0.00797073552,0.00153682234,0
1,0,0.999999983,0,0,0
1,0,0.999999983,0,0,0
1,0,0.999999983,0,0,0
0.999919106,0.545163323,0.963651676,0.09543639,0.171798038,0
0.999999942,2.88E-06,0.999879417,0.000343064848,2.89E-06,0
0.999999999,1.30E-06,0.999978417,0.000227755237,1.27E-06,0
1,5.81E-07,0.999991327,0.000155119103,5.90E-07,0
1,0,0.999999939,1.05E-08,0,0
0.999940169,0.36330274,0.96184913,0.0995013865,0.185729219,0
0.999999838,0.000335143149,0.999679869,0.00370777685,0.000326439021,0
0.999999965,0.000317523249,0.99974972,0.00320031595,0.000240950701,0
0.99999983,0.00010066886,0.999756099,0.00199029636,9.66E-05,0
1,0,1.000000014,0,0,0
0.99996335,0.25810288,0.971206181,0.0858209036,0.140301369,0
0.999894899,0.326274172,0.964715121,0.101896847,0.197254784,0
0.0497317977,866.6834864,0.0650311608,0.861541662,7.659515868,1
0.999999741,0.00252326623,0.999130712,0.012869828,0.00110770457,0
1,4.52E-08,0.999992907,6.38E-05,4.52E-08,0
1,4.52E-08,0.99998293,6.38E-05,4.52E-08,0
0.999817862,1.610007442,0.96419625,0.133356971,0.134584934,0
0.999999958,0.000457409303,0.999425933,0.00876270427,0.000575084224,0
0.999999992,2.04E-05,0.999851434,0.0013276253,1.97E-05,0
0.999999997,5.98E-07,0.999946923,0.000232613544,6.08E-07,0
1,0,1.000000014,0,0,0
0.999840586,1.77822971,0.962013335,0.117388375,0.104518849,0
0.999999996,6.99E-07,0.999946337,0.000250805788,7.04E-07,0
0.999999991,5.04E-07,0.999929648,0.000211842233,5.02E-07,0
0.999999999,4.93E-07,0.99997106,0.000208715758,4.87E-07,0
0.999999999,1.15E-05,0.999988016,0.00124039614,1.31E-05,0
0.999948966,0.454049342,0.983913309,0.0906140145,0.0625944241,0
0.999690785,2.169210629,0.950890022,0.125981707,0.123831887,0
0.999999753,0.000862471344,0.999972707,0.0150221145,0.00152242185,0
1,0,1.000000001,0,0,0
1,0,1.000000001,0,0,0
1,0,1.000000001,0,0,0
0.999688092,1.923075871,0.948882526,0.14656873,0.161671442,0
0.999993518,0.729406265,0.995076092,0.0501310658,0.0174275347,0
0.999993522,0.829263587,0.995130611,0.0500804372,0.017390603,0
0.999999999,4.96E-05,0.999920021,0.00332298548,7.95E-05,0
1,0,1.000000127,0,0,0
0.999897375,1.089824229,0.970957163,0.0998651804,0.0830428056,0
0.999999999,9.87E-06,0.999989882,0.00190306218,2.46E-05,0
0.999999826,0.0010322625,0.999952718,0.0171279793,0.00196232892,0
1,0,1.000000123,0,0,0
0.999999999,1.15E-05,0.999939861,0.000975567356,1.06E-05,0
0.999993966,0.0331817172,0.993597522,0.0483345374,0.0170610031,0
0.999673411,2.584065732,0.945365603,0.141427206,0.154602192,0
0.999999899,0.000999734041,0.999661717,0.0157214928,0.00166270641,0
0.999999998,0.000152015868,0.999760151,0.00598876937,0.000248855462,0
1,0,1.000000195,1.05E-08,0,0
1,0,1.000000195,1.05E-08,0,0
0.999840315,0.853883453,0.961389524,0.117904521,0.110093571,0
0.999999999,3.28E-05,0.99989209,0.00279713515,5.60E-05,0
0.999999998,4.15E-05,0.999897158,0.00263083162,5.38E-05,0
0.99999999,0.000323091313,0.999894941,0.00497139001,0.000230787095,0
0.999999679,0.00154294988,0.999348652,0.0193921898,0.00261662599,0
0.999850847,1.13657481,0.96206544,0.123658707,0.118950041,0
0.999999995,0.00010541266,0.999804205,0.00460195075,0.000153177479,0
0.999999991,9.41E-05,0.999759847,0.00479796101,0.000168436828,0
1,0,1.000000092,0,0,0
0.999999999,4.35E-05,0.99994043,0.00252057166,4.20E-05,0
0.999758088,1.258863578,0.959345429,0.139676226,0.148458517,0
0.99987025,2.417984593,0.956000204,0.128210261,0.125537473,0
0.999999981,3.32E-05,0.999800791,0.00184203086,3.44E-05,0
1,0,0.999999925,1.05E-08,0,0
0.999999992,2.76E-05,0.999993616,0.00253064202,4.82E-05,0
0.999999822,0.00213497541,0.999460645,0.0198524285,0.00262456316,0
0.999721064,1.990710535,0.949145455,0.140466739,0.150947622,0
1,1.58E-05,0.999967729,0.00160322521,2.10E-05,0
1,0,1.000000088,0,0,0
0.999999998,1.77E-05,1.000000046,0.00187795105,2.80E-05,0
0.999999957,0.000598388411,0.999914145,0.00901269197,0.000641553307,0
0.999913914,2.535306122,0.96335506,0.129218291,0.126429047,0
0.99999987,0.000684844395,0.999875418,0.0120523849,0.00109190824,0
0.999999893,0.00105268428,0.999779831,0.0141156183,0.00147109474,0
0.999999803,0.000400615449,0.999613989,0.00859187267,0.000583173815,0
0.99999985,0.000497598615,0.999871119,0.00859235822,0.00061356226,0
0.999877615,2.196938861,0.956958978,0.13454147,0.136338174,0
0.999584287,2.136099458,0.941127067,0.15640058,0.1842491,0
0.999999963,0.000443058259,0.999876943,0.0111437821,0.000832762945,0
0.999999916,0.000442372351,0.999860555,0.0105526475,0.000789602912,0
0.99999991,0.000445747491,0.999772265,0.0095378733,0.000690284945,0
0.999999966,0.00032253624,0.999710519,0.00972772087,0.000659158675,0
0.999595619,2.403511709,0.948713686,0.148063985,0.175670365,0
0.999999979,0.000874092241,0.999080639,0.0118782366,0.00116364153,0
1,4.06E-05,0.999935509,0.00198802787,4.16E-05,0
0.999999997,4.90E-05,0.999888134,0.00252537255,5.72E-05,0
1,2.55E-06,0.999953596,0.0004759373,2.65E-06,0
0.999916219,2.465623537,0.961127007,0.125691492,0.123274939,0
0.99999999,0.000434448826,0.999415266,0.00893614266,0.000620152978,0
0.999999959,0.000514520273,0.999283354,0.0103570451,0.000815868033,0
0.999999993,0.000205521331,0.999633036,0.00661752574,0.00032635789,0
0.999999996,2.66E-05,0.999858478,0.00204894296,3.65E-05,0
0.999920557,2.189007481,0.96684435,0.11043749,0.0963116786,0
0.999671616,3.701205143,0.942787393,0.137534866,0.149108546,0
0.999999999,9.40E-05,0.999846565,0.00388158481,0.000128110307,0
1,6.02E-05,0.999902507,0.00292687675,7.40E-05,0
0.999999998,0.000131143203,0.999793754,0.00430900643,0.000160146199,0
1,0,1.00000009,0,0,0
0.999746046,1.255403002,0.958159308,0.11977318,0.118872565,0
0.9999988,0.0238136525,0.997903651,0.0260189408,0.00520482576,0
0.99999888,0.00757310874,0.998048528,0.0259826919,0.00518276538,0
1,2.91E-06,0.999952604,0.000506698975,3.00E-06,0
0.999999971,0.000138074415,0.999968587,0.0042293794,0.000163636958,0
0.999991287,0.0896133909,0.988126383,0.0512699505,0.0210857813,0
0.999999995,3.51E-05,0.999873098,0.00302463631,6.49E-05,0
0.999999999,9.92E-06,0.99995275,0.00182686555,2.22E-05,0
0.999999998,1.69E-05,0.999967459,0.00214451665,3.29E-05,0
0.999999461,0.00138246205,0.999978411,0.0129141744,0.00148805309,0
0.99989823,1.20399639,0.968187278,0.11781539,0.112846779,0
0.9997604,0.722802124,0.949705945,0.135392541,0.144923915,0
0.999999934,0.000401950947,0.999894726,0.00959703508,0.000680053738,0
0.99999977,0.000527398443,0.999916907,0.00942525861,0.000734182864,0
0.999999312,0.00451924884,0.999845522,0.0178886114,0.00253008883,0
0.999999992,0.000329965617,0.999588427,0.00747175764,0.000444292783,0
0.999768238,2.008006295,0.957339348,0.134324609,0.148832358,0
0.999999512,0.00182480709,0.999986197,0.0114485851,0.00130066806,0
0.999999972,0.000128121582,0.999754333,0.00394697658,0.000152933508,0
0.99999104,1.359948944,0.994885921,0.0443426515,0.0163899245,0
0.99999092,0.0760602112,0.994909638,0.0435142724,0.0158553239,0
0.999865728,0.777153533,0.955894963,0.126204284,0.137606267,0
0.999999866,0.000218683272,0.999815805,0.00541744216,0.000265409829,0
0.99999973,0.000881674301,0.999915323,0.00842544339,0.00069083953,0
0.99999996,8.27E-05,0.99963612,0.00330478917,0.000101939942,0
0.999999966,1.60E-05,0.999559825,0.00163571214,2.39E-05,0
0.999928132,0.791119087,0.965269296,0.109800514,0.103292132,0
0.9997518,0.497355923,0.94701939,0.126673755,0.136352283,0
0.999999991,2.01E-05,0.999860894,0.0013077726,2.06E-05,0
0.999999999,1.65E-05,0.999942073,0.00110981636,1.48E-05,0
1,0,0.999999942,0,0,0
1,0,0.999999942,0,0,0
0.999733018,18.74879504,0.954330644,0.142011306,0.161206244,0
0.999987155,1.158312717,0.994519283,0.0490574964,0.0193524523,0
0.999988185,0.0949938263,0.99472272,0.046683163,0.0182444684,0
0.999999859,0.00391388112,0.999327061,0.0122173178,0.00142384309,0
1,0,0.999999984,0,0,0
0.999917968,2.468741257,0.962664145,0.113100874,0.111632508,0
0.999999976,1.35E-05,0.999839901,0.00105926945,1.37E-05,0
1,9.52E-07,0.999977488,0.00027957404,9.56E-07,0
0.999999999,5.84E-06,0.999962993,0.000658989584,5.28E-06,0
1,0,0.999999994,0,0,0
0.999912115,0.624530834,0.96411341,0.111389608,0.108030261,0
0.999805823,1.851808876,0.945012936,0.139751169,0.162838215,0
1,0,1.00000007,0,0,0
1,0,1.00000007,0,0,0
1,0,1.00000007,0,0,0
1,0,1.00000007,0,0,0
0.999824165,4.293642346,0.95604406,0.123627351,0.130769796,0
0.999999994,8.61E-05,0.99974502,0.00263710814,8.39E-05,0
0.999999996,5.88E-05,0.999717477,0.00231617821,6.06E-05,0
0.999999996,7.95E-05,0.999707358,0.00263714447,7.96E-05,0
1,0,0.999999986,1.05E-08,0,0
0.999991702,0.0386381859,0.995699549,0.0343796376,0.0124796741,0
0.999994481,0.355881222,0.995551885,0.0413141541,0.0142928585,0
0.99999448,0.0214485969,0.995552672,0.0412985283,0.0142773254,0
0.999999998,5.08E-05,0.999805189,0.00203264067,5.00E-05,0
1,0,1.000000096,0,0,0
0.999966982,0.128910597,0.984023548,0.0688035388,0.0439737221,0
0.999766576,1.103184685,0.945113771,0.130335544,0.141164156,0
0.999999992,1.37E-05,0.999890199,0.00107325013,1.39E-05,0
1,8.97E-06,0.999984065,0.000820706282,8.06E-06,0
1,0,0.999999958,1.05E-08,0,0
1,0,0.999999958,1.05E-08,0,0
0.999733549,18.87249068,0.954522161,0.141764437,0.160113987,0
0.999987166,1.146374812,0.994519318,0.0488969809,0.0192818627,0
0.999988195,0.088221919,0.994723087,0.0465152661,0.0181765378,0
0.99999986,0.00391225908,0.999327049,0.0122465278,0.00142600238,0
1,0,1.000000046,0,0,0
0.999995442,0.0176247838,0.993819753,0.028684825,0.00782942036,0
0.999999992,3.09E-05,0.999832752,0.00202373367,3.70E-05,0
0.999999984,0.000134975248,0.99969289,0.00509492112,0.000206206792,0
0.999999987,0.00014982932,0.999745024,0.00549066728,0.00024451589,0
0.999999707,0.00227840565,0.999793936,0.0165359499,0.00224066746,0
0.999806966,2.809753589,0.950544539,0.143216858,0.166420441,0
0.999627261,0.748417404,0.947908037,0.126068575,0.136537502,0
1,1.19E-08,0.999994151,3.11E-05,1.19E-08,0
0.999999992,7.89E-05,0.99987369,0.00404466177,0.000134153309,0
0.999999637,0.00205911346,0.999515969,0.0202048439,0.00311676835,0
0.999999994,0.000294610885,0.999494894,0.00853159899,0.000552130786,0
0.999790119,5.420901664,0.950238332,0.134033883,0.155958446,0
0.999986917,1.109046417,0.994566571,0.0484779726,0.0193470239,0
0.999987968,0.102667537,0.994831285,0.0463504152,0.0182527394,0
0.999999857,0.00256194386,0.999330914,0.0120359629,0.0014149191,0
1,0,0.999999996,0,0,0
0.999997477,0.0166914766,0.994516624,0.0270983896,0.00681536036,0
0.999999796,0.000620006439,0.99997016,0.00911635442,0.00075246723,0
0.999999489,0.00281760764,0.999328323,0.0179366337,0.00274910763,0
0.99999997,0.000299444309,0.999413565,0.00761359288,0.000465759284,0
1,0,1.000000003,0,0,0
0.99987876,1.657453156,0.953924575,0.136684124,0.153256388,0
0.999817732,3.166087167,0.948133367,0.135952364,0.150622569,0
1,3.24E-07,0.999984096,0.000161827717,3.24E-07,0
0.99999998,3.25E-05,0.999938113,0.00327904207,7.99E-05,0
0.999999905,0.000782264381,0.999756207,0.01459672,0.0015882646,0
0.999999988,0.000306444225,0.999796215,0.0100365104,0.000729936968,0
0.999820537,11.62756407,0.959091742,0.132446283,0.142821673,0
0.99999995,3.70E-05,0.999676174,0.00174625631,3.76E-05,0
0.999999966,3.57E-05,0.999742688,0.00157262968,3.04E-05,0
0.999999992,4.95E-06,0.999911715,0.000618831534,4.78E-06,0
1,0,0.999999934,0,0,0
0.999710476,3.479306353,0.953424251,0.140204852,0.169655717,0
0.999968521,0.00959269177,0.987595615,0.0368099032,0.0148018617,0
0.999999996,4.99E-05,0.999841978,0.00203117768,4.67E-05,0
0.999999999,3.07E-05,0.999920284,0.00157084583,3.04E-05,0
1,0,1.00000007,0,0,0
0.999793967,1.592826333,0.958746251,0.123634175,0.132312104,0
0.999767292,1.054848089,0.945397798,0.127011168,0.142882999,0
0.999999981,0.000111607099,0.99952402,0.00325998262,0.000118265165,0
1,0,1.000000021,0,0,0
1,0,1.000000021,0,0,0
0.999999998,2.64E-05,0.999860471,0.00142291289,2.51E-05,0
0.999602068,4.791061373,0.945807437,0.150623296,0.196735865,0
0.999999691,0.000358439069,0.999907021,0.00871294746,0.00063568774,0
0.99999946,0.00103390398,0.999774934,0.013012604,0.00147862502,0
0.999999988,0.000114284531,0.999730996,0.00415424392,0.000159983969,0
0.999999961,7.01E-05,0.999597001,0.00272138898,8.02E-05,0
0.999789043,2.071445252,0.951121093,0.129009977,0.145584103,0
0.99999999,0.000108887159,0.999594316,0.00298915047,0.00010729885,0
0.999999988,0.000156126438,0.999596593,0.00486800412,0.000217087869,0
0.999999962,0.000101828033,0.999755909,0.00379792378,0.00013214021,0
0.999999999,2.36E-07,0.999962997,0.000136527207,2.37E-07,0
0.999990286,0.142033809,0.989405127,0.0561843016,0.0267774675,0
0.999743702,1.570300424,0.942045917,0.13225161,0.152396801,0
0.999999997,1.79E-05,0.999925294,0.00157271498,2.19E-05,0
0.999999211,0.0011599831,0.999985144,0.0140803264,0.00169927192,0
0.999999914,0.000608906853,0.999737901,0.0110850422,0.000985698157,0
0.999999684,0.000452433186,0.999931947,0.00934960492,0.000729279901,0
0.999736618,14.00958295,0.955348324,0.144746233,0.17069274,0
0.999999904,0.000425138245,0.999801183,0.00821362583,0.000576896129,0
0.999999472,0.000869264165,0.999972003,0.0109493725,0.00111889493,0
0.999999656,0.000346995805,0.999873017,0.00748165086,0.000505273203,0
0.999999999,1.07E-05,0.99990452,0.000930332112,1.11E-05,0
0.999661588,2.491598205,0.949541868,0.141164094,0.17760188,0
0.999974058,0.0240331888,0.99245029,0.0530405277,0.0278103316,0
0.999999772,0.00119142966,0.998666606,0.0127551378,0.00150118238,0
0.99999997,0.000685863626,0.998941848,0.010545668,0.000998482057,0
0.999999996,0.0001327337,0.999600116,0.00427326202,0.000181261667,0
0.999956751,0.0414157625,0.976079385,0.0671522256,0.0428095654,0
0.999612557,2.411287234,0.934936153,0.141009223,0.178882923,0
0.999999996,6.77E-05,0.999805463,0.00231448388,5.86E-05,0
1,0,1.000000127,1.05E-08,0,0
1,0,1.000000127,1.05E-08,0,0
1,0,1.000000127,1.05E-08,0,0
0.999562756,3.729587855,0.945930378,0.13434872,0.176370969,0
0.999999993,6.81E-05,0.999684244,0.0023821441,6.97E-05,0
1,0,1.000000007,0,0,0
1,0,1.000000007,0,0,0
0.999999994,3.65E-05,0.999815224,0.00185307327,4.03E-05,0
0.999998616,0.00415226731,0.995743332,0.0211595616,0.00442794755,0
0.999999867,0.000448522222,0.999825612,0.0077884928,0.00057525262,0
0.999999785,0.000539929725,0.999619507,0.00939407416,0.0008089043,0
0.999999949,0.000997712551,0.998896146,0.0106973867,0.000977992877,0
0.999999698,0.002210387,0.998691562,0.0165384911,0.00238223271,0
0.999837665,1.219596922,0.95403233,0.125364115,0.142451325,0
0.999779658,1.553636685,0.941630737,0.12581267,0.142824944,0
0.999999979,0.000137788761,0.999524348,0.00529996569,0.000233133244,0
1,8.15E-06,0.999977169,0.000780268223,7.84E-06,0
1,0,1.000000056,1.05E-08,0,0
0.999999999,1.29E-05,0.999914424,0.000995001601,1.29E-05,0
0.999681095,1.889441456,0.951482776,0.135096339,0.171854113,0
0.999999993,3.79E-05,0.999841269,0.00165277613,3.62E-05,0
0.999999993,1.39E-05,0.999940583,0.000998892726,1.32E-05,0
0.999999994,6.40E-05,0.999852098,0.00209379072,5.80E-05,0
0.999999989,8.08E-05,0.99975921,0.00435941368,0.000160954673,0
0.999842682,2.008178689,0.952073377,0.127201697,0.155283744,0
0.999999997,7.30E-06,0.999911787,0.00140944488,1.68E-05,0
0.999999884,0.000263557156,0.999973381,0.00678046891,0.000409401463,0
0.999999776,0.00111306609,0.999628155,0.0149826606,0.00188197612,0
0.999999861,0.000481905525,0.999637664,0.0102224639,0.000876522966,0
0.999918232,0.718915085,0.957512864,0.110799694,0.116091681,0
0.999750238,2.557506153,0.941226673,0.127960874,0.15138679,0
0.999999871,9.01E-05,0.999378633,0.00276398271,9.01E-05,0
0.999999997,2.87E-05,0.999854202,0.00187782985,3.67E-05,0
0.999999988,1.96E-05,0.999927048,0.00183411978,2.99E-05,0
0.999999997,1.76E-05,0.999855719,0.00155480849,2.22E-05,0
0.999740779,2.773136945,0.95382629,0.128914773,0.148172228,0
0.999999959,1.33E-05,0.999547438,0.00123617574,1.58E-05,0
0.999999809,0.000269233532,1.000000144,0.00612489408,0.000354495714,0
0.999999948,0.000588871566,0.999467083,0.00928348468,0.000756340092,0
1,0,0.999999955,1.05E-08,0,0
0.999997102,0.0205959845,0.990333118,0.0373945008,0.0136758644,0
0.999999498,0.00121276945,0.999970007,0.0124358146,0.00138076634,0
0.999998932,0.00249870997,0.998781868,0.0210444364,0.00382119747,0
1,0,1.000000002,0,0,0
0.999999983,2.52E-05,0.999746902,0.00139063917,2.59E-05,0
0.999918876,2.864277705,0.960867823,0.123486587,0.14011836,0
0.999665558,2.447009033,0.937575686,0.132936576,0.167183462,0
0.999999372,0.00091533953,0.999969867,0.0120516534,0.00129785003,0
1,0,0.999999989,1.05E-08,0,0
1,0,0.999999989,1.05E-08,0,0
1,0,0.999999989,1.05E-08,0,0
0.999689957,3.984158957,0.945906492,0.138138997,0.177440502,0
1,4.81E-07,0.999974952,0.000188782886,4.81E-07,0
1,4.65E-06,0.999974483,0.000587001374,4.65E-06,0
1,5.19E-06,0.99995031,0.000617599574,5.14E-06,0
0.999998194,0.00148775068,0.999944151,0.012052937,0.00156720751,0
0.999916723,3.537352157,0.958246593,0.127620867,0.14888236,0
0.999999976,0.000325133533,0.999541762,0.00437533878,0.000210855243,0
0.999999993,5.33E-05,0.999826128,0.00314344673,8.55E-05,0
0.999999991,0.000203671673,0.999634711,0.00476773403,0.000258194445,0
1,0,1.00000003,0,0,0
0.999903126,6.996939309,0.957438764,0.13471604,0.15979393,0
0.999607524,1.698976487,0.935401098,0.141324936,0.189577365,0
0.999999896,1.94E-05,0.999633393,0.0012027147,1.95E-05,0
0.999999999,1.01E-05,0.999917417,0.000839259982,9.42E-06,0
0.999999945,0.00104023549,0.999296209,0.00968144821,0.000862960713,0
0.999999595,0.00134960682,0.998843994,0.0132005566,0.00166143296,0
0.99961865,1.438363059,0.950192786,0.129689463,0.163139445,0
0.999999771,9.47E-05,0.999408916,0.00284765369,0.0001013051,0
0.999999993,2.06E-05,0.99989697,0.00143117099,2.30E-05,0
0.999999992,5.26E-05,0.999737784,0.00211235788,5.59E-05,0
1,0,1.000000028,0,0,0
0.999872835,5.117860656,0.957884997,0.126739183,0.151308074,0
0.999999966,0.000106521543,0.999442975,0.00342671618,0.000125800682,0
0.999999992,6.31E-05,0.999698431,0.00301500362,8.96E-05,0
0.999999947,0.00033498273,0.999077462,0.00603750624,0.000394286943,0
0.999999577,0.00149960169,0.998303398,0.0129402384,0.00174183094,0
0.999889317,0.843880919,0.956707268,0.123748936,0.14366805,0
0.999761586,1.141141859,0.945542022,0.125302067,0.147475676,0
0.999999095,9.65E-05,0.999100369,0.00266462902,9.67E-05,0
1,5.73E-06,0.999968625,0.000635646014,5.46E-06,0
1,0,1.000000044,0,0,0
1,0,1.000000044,0,0,0
0.999746282,7.700244585,0.949304969,0.135079843,0.173172661,0
0.999993235,0.00996631391,0.995366808,0.0340353374,0.0131147038,0
0.999999995,5.66E-05,0.999738284,0.00216809295,5.94E-05,0
0.999999422,0.001176596,0.999731622,0.0139136309,0.00179042012,0
0.999999238,0.00234589283,0.999027943,0.0191863563,0.00334577418,0
0.999879425,2.731028307,0.952940961,0.135714858,0.173214063,0
0.999999746,0.000693178062,0.999045152,0.00818588529,0.000887899118,0
0.999999923,6.72E-05,0.999543125,0.0024784991,7.51E-05,0
0.999999901,6.09E-06,0.999788274,0.000662488849,6.09E-06,0
1,0,1.000000101,0,0,0
0.999912652,1.994629403,0.959782135,0.121868596,0.140938609,0
0.99967149,0.902473755,0.935976645,0.131077699,0.170540261,0
1,5.43E-06,0.999966232,0.000630196955,5.42E-06,0
1,5.58E-06,0.99996867,0.000630196955,5.42E-06,0
1,0,1.000000109,0,0,0
1,0,1.000000109,0,0,0
0.999745092,5.795465699,0.954012755,0.124111293,0.152054215,0
0.999994744,0.00447194139,0.997916694,0.0228379335,0.00616869255,0
0.999999993,5.87E-05,0.999744783,0.00280975147,8.40E-05,0
0.999999993,5.32E-05,0.999851322,0.00236163417,5.70E-05,0
1,0,1.0000003,0,0,0
0.999992586,0.0261560309,0.991024342,0.0339197422,0.0121694053,0
0.99999482,0.00449182642,0.997808125,0.0228719422,0.00618304979,0
0.999999996,4.86E-05,0.999708862,0.00189372289,4.95E-05,0
0.999999978,6.72E-05,0.999617622,0.00213596033,6.29E-05,0
1,0,1.000000125,0,0,0
0.998608371,0.24516618,0.805224156,0.208998419,0.417258327,1
0.999817304,0.909533082,0.952349766,0.13386871,0.132927214,0
0.999999999,1.20E-05,0.999918823,0.00105963488,1.25E-05,0
0.999999999,1.41E-05,0.999953139,0.00105963488,1.25E-05,0
1,0,0.999999796,0,0,0
1,0,0.999999796,0,0,0
0.999697206,2.094285808,0.957098388,0.128607331,0.126727956,0
0.99999992,0.000573128633,0.999232237,0.0148224019,0.00138702028,0
1,0,1.000000039,0,0,0
0.999999958,4.35E-06,0.99987603,0.000621903188,4.40E-06,0
1,0,0.999999982,1.05E-08,0,0
0.999480197,1.138850138,0.949425305,0.14151146,0.158325706,0
0.999999767,0.000482204707,0.999102136,0.00678926698,0.000507046907,0
0.999999979,7.60E-05,0.999682255,0.002783891,8.28E-05,0
0.999999996,3.06E-05,0.999849865,0.00169267462,3.19E-05,0
1,0,1.000000174,0,0,0
0.999965081,0.311597833,0.988090394,0.075143358,0.0463018177,0
0.999498231,1.910645707,0.940476067,0.152696971,0.175844164,0
0.999999998,2.57E-05,0.999907813,0.00165965687,2.68E-05,0
0.999999998,2.09E-05,0.999917758,0.00156735176,2.34E-05,0
1,3.22E-06,0.999979027,0.000533541214,3.21E-06,0
1,0,0.999999991,0,0,0
0.999784438,0.991098888,0.959078024,0.11314002,0.101561419,0
0.999999984,1.09E-05,0.999800143,0.000988283068,1.10E-05,0
0.999999998,1.25E-05,0.99987827,0.00103750523,1.21E-05,0
0.999999993,3.37E-05,0.999948785,0.00232254251,4.45E-05,0
0.999999812,0.00115111377,0.999954558,0.0154001391,0.0016825344,0
0.999873411,3.192783341,0.959477373,0.141442907,0.146215384,0
0.999999852,0.000872613893,1.000000215,0.0144518735,0.00149170677,0
0.999999938,0.000419998732,0.999952665,0.0119266699,0.000964594073,0
0.999999999,9.16E-05,0.999895616,0.00528941729,0.000186383663,0
0.999999918,0.00156744943,0.998955574,0.0184810455,0.00243814461,0
0.999887626,1.180410634,0.960854228,0.13929,0.144144285,0
0.999884467,0.496526455,0.959111901,0.113999529,0.104727046,0
0.999999971,6.99E-05,0.999618775,0.00293580153,7.27E-05,0
0.999999975,2.38E-05,0.999814344,0.00148861346,2.50E-05,0
1,2.24E-07,0.999987244,0.000140196947,2.23E-07,0
1,0,1.000000073,0,0,0
0.999924662,0.535619049,0.967235303,0.109432885,0.0928875249,0
0.999999829,0.00384170405,0.99921961,0.011901791,0.000998844459,0
0.999999971,0.000496143963,0.999674731,0.0113705754,0.000863619694,0
0.999999999,1.81E-06,0.999963037,0.000395448218,1.78E-06,0
1,0,0.999999908,0,0,0
0.999891396,2.921044647,0.957596618,0.133648524,0.132626034,0
0.999917383,1.330399685,0.978009841,0.0983673442,0.0775808185,0
0.99999649,0.0185335309,0.996597834,0.0342492398,0.00924818438,0
0.999999997,7.99E-06,0.999998708,0.000778824106,6.89E-06,0
0.999999713,0.00135253114,0.999986861,0.0151464815,0.00173572644,0
0.999929005,3.265664627,0.966142329,0.134160302,0.126893565,0
0.999900902,0.237681947,0.958197434,0.116149874,0.107035016,0
1,1.89E-06,0.999976762,0.000412380064,1.93E-06,0
1,1.99E-06,0.999981506,0.000412216765,1.93E-06,0
0.999999997,7.83E-05,0.99984853,0.00408133253,0.00012297284,0
0.999999952,0.000899005116,0.999620363,0.0149693397,0.00156971795,0
0.999911909,1.81353714,0.96545063,0.122163797,0.116238606,0
0.999999756,3.90E-05,0.999520901,0.00181585072,3.76E-05,0
0.999999985,2.37E-05,0.999796632,0.00145979851,2.43E-05,0
0.999999996,1.53E-06,0.999942915,0.000369699305,1.56E-06,0
1,0,0.999999991,0,0,0
0.999811933,1.893499695,0.958290251,0.135818889,0.140093895,0
0.999999537,0.00106712267,0.998876026,0.00827196839,0.000744395392,0
0.999999971,0.000112386441,0.999603335,0.00333760062,0.000118770884,0
0.999999997,3.14E-05,0.999836715,0.00165216756,3.12E-05,0
1,0,1.000000024,0,0,0
0.999982257,0.0777785741,0.991079775,0.055117949,0.0244792588,0
0.999792603,1.135090037,0.949240096,0.131311353,0.13277045,0
0.999999924,0.00337480385,0.997993769,0.024625688,0.00414594477,0
0.999999987,0.00142016002,0.998820326,0.0208091929,0.00285830295,0
1,0,0.999999965,0,0,0
1,0,0.999999965,0,0,0
0.999800706,6.150829371,0.957620354,0.135111577,0.139915686,0
0.999997447,0.035644232,0.996796694,0.0303308727,0.00710155953,0
0.999998422,0.00591674595,0.997775035,0.0292624093,0.00643487219,0
0.999999998,1.61E-05,0.999922248,0.00139617065,1.82E-05,0
1,0,1.000000089,0,0,0
0.999879078,1.24299519,0.959507276,0.131658302,0.127409332,0
0.999999472,0.00113937301,0.9988148,0.00862663673,0.000807287298,0
0.999999965,0.000125487035,0.999554198,0.00345368494,0.00012758507,0
0.999999992,3.01E-05,0.999805131,0.00184160987,3.46E-05,0
1,0,1.000000003,0,0,0
0.9999823,0.0732238631,0.991281479,0.053984973,0.0236740714,0
0.999739944,1.171493613,0.947930147,0.131613837,0.137390963,0
1,1.42E-05,0.999969187,0.0010402029,1.21E-05,0
1,1.22E-05,0.9999611,0.0010402029,1.21E-05,0
1,0,1.00000006,0,0,0
1,0,1.00000006,0,0,0
0.999797586,0.731888195,0.957524956,0.128575251,0.133001778,0
0.999999999,3.73E-05,0.999901145,0.00311249826,6.56E-05,0
0.999999999,1.99E-05,0.999928584,0.00281859134,5.00E-05,0
0.999999999,1.34E-05,0.999940679,0.00143752484,1.93E-05,0
1,0,1.000000035,0,0,0
0.999984589,2.468000333,0.987321586,0.0646327991,0.0324271441,0
0.999999999,2.70E-05,0.999891824,0.00279878851,5.27E-05,0
0.999999999,1.88E-05,0.999931595,0.00270907887,4.71E-05,0
1,7.55E-06,0.999959189,0.000837181465,8.00E-06,0
0.999999998,1.44E-05,1.000000193,0.00132598994,1.60E-05,0
0.999946041,0.663941918,0.976253172,0.101905318,0.0856939406,0
0.999788206,2.637122345,0.946489184,0.147678258,0.166449597,0
0.999999999,9.06E-06,0.999907456,0.000901435267,9.26E-06,0
0.999999979,2.11E-05,0.9997667,0.00139054137,2.21E-05,0
0.999999981,2.25E-05,0.999825001,0.00135374932,2.09E-05,0
0.999999972,4.35E-05,0.999836906,0.00255880063,5.85E-05,0
0.999871942,1.40000048,0.962485658,0.125943232,0.123372368,0
0.999997042,0.0572352076,0.997943642,0.0280276126,0.00625182044,0
0.999992649,1.470320949,0.994848319,0.0561943836,0.0229794341,0
1,0,0.999999964,0,0,0
0.999992658,0.108136015,0.99522829,0.0556885064,0.0225476147,0
0.999788024,7.665323355,0.960620519,0.138706351,0.14603884,0
0.999999991,0.000287162814,0.999738387,0.0047814556,0.000211965454,0
0.999999999,5.66E-05,0.999890524,0.00310798572,7.85E-05,0
0.999999998,1.49E-05,0.999927472,0.00109057974,1.37E-05,0
0.99999999,0.000170967332,0.999700969,0.00561433789,0.000251803887,0
0.99990366,6.98498414,0.956793886,0.136581253,0.132236643,0
0.999868357,2.451375756,0.949436392,0.140947955,0.148868477,0
0.999997228,0.381461524,0.995989629,0.0359183548,0.009219205,0
1,2.33E-06,0.999978473,0.000438531111,2.20E-06,0
1,9.82E-10,0.999998573,9.23E-06,9.82E-10,0
1,0,1.000000156,0,0,0
0.999821778,2.194518573,0.961078019,0.132852703,0.137464858,0
0.999999182,0.00275183492,0.997722535,0.0152672907,0.00251349307,0
0.999999977,8.90E-05,0.999633966,0.00275169433,8.72E-05,0
0.999999998,1.80E-05,0.999883221,0.00124396268,1.79E-05,0
1,0,1.000000105,0,0,0
0.999953041,0.545649667,0.972556647,0.0969191408,0.078987564,0
0.999999601,0.00108704587,0.998922619,0.00815861156,0.000739020751,0
0.999999976,8.97E-05,0.999637069,0.00284301128,9.33E-05,0
0.999999991,2.58E-05,0.999841805,0.00151346703,2.64E-05,0
1,0,1.000000043,1.05E-08,0,0
0.999977011,0.0454909674,0.989134941,0.0523531792,0.0269871482,0
0.999761947,1.932254528,0.946921527,0.132606464,0.136148281,0
0.999999998,1.13E-05,0.999940682,0.00105165107,1.26E-05,0
0.999999999,1.25E-06,0.999918547,0.00032843807,1.24E-06,0
1,4.69E-07,0.99998004,0.000200190176,4.60E-07,0
1,0,1.000000042,0,0,0
0.999831196,2.455011354,0.960392594,0.127154559,0.124825639,0
0.999999999,3.48E-05,0.999879878,0.00270910072,5.55E-05,0
0.999999999,2.61E-05,0.999920022,0.00249850863,4.32E-05,0
0.999999999,1.52E-05,0.999946282,0.00118783188,1.60E-05,0
1,0,0.999999945,0,0,0
0.999938317,0.5264479,0.97385808,0.09388034,0.0762166246,0
0.99997812,0.0290830573,0.990528286,0.049824156,0.0253323513,0
0.999999999,2.39E-05,0.999907671,0.00219963577,3.51E-05,0
1,7.38E-06,0.999962241,0.000816350519,7.70E-06,0
1,0,1.000000192,1.05E-08,0,0
0.999893957,0.50594614,0.976282957,0.105610823,0.0945007649,0
0.999764681,2.257731334,0.944259132,0.143298649,0.159809704,0
1,1.18E-05,0.999970443,0.00102864751,1.18E-05,0
1,1.77E-05,0.999969871,0.00111228547,1.38E-05,0
0.999998542,0.00502722734,0.999764476,0.0237866445,0.00427185599,0
0.999998876,0.011418771,0.999283016,0.026471782,0.00557211167,0
0.999753085,1.464851338,0.95537553,0.14179388,0.162203234,0
0.999999989,6.49E-06,0.999858498,0.000746295072,6.56E-06,0
1,1.44E-06,0.999970068,0.000347796549,1.42E-06,0
0.999999999,2.09E-06,0.999957376,0.000421501865,2.09E-06,0
1,0,1.000000218,0,0,0
0.999864982,3.248694655,0.957646924,0.127703793,0.133428113,0
0.99999999,8.76E-07,0.999864845,0.000269115393,8.79E-07,0
0.997417712,313.1574182,0.947401096,0.270561609,0.512131112,1
0.999999999,1.06E-05,0.999935861,0.000874644718,1.00E-05,0
0.999999999,9.73E-06,0.999942823,0.000874644718,1.00E-05,0
0.998733595,2.782518575,0.930346979,0.167791403,0.269247671,0
0.999660112,1.42991986,0.933139364,0.153042064,0.206121837,0
0.999999962,0.0008409878,0.999663667,0.00443394916,0.00022241231,0
0.999999988,3.19E-05,0.999997075,0.00239445689,5.17E-05,0
0.99999977,0.00200230729,0.999943417,0.0173531436,0.00226971956,0
1,0,1.000000026,0,0,0
0.999768729,12.6584153,0.95130931,0.153967925,0.208107046,0
0.999999902,5.98E-05,0.999664301,0.00208512986,5.79E-05,0
0.999999877,0.000651694657,0.999979116,0.0127079065,0.00129619967,0
0.999999744,0.00291177001,0.999600502,0.0184608134,0.00265575206,0
0.999999934,0.00132673791,0.999417574,0.0177199415,0.00243648463,0
0.999633492,2.496563274,0.946665036,0.137934279,0.174051122,0
0.999999981,0.000196402648,0.99980602,0.00443486988,0.000181687579,0
0.999999998,4.58E-05,0.999894577,0.00342899022,9.94E-05,0
0.999999825,0.00040208183,0.999949054,0.00795313211,0.000574636135,0
0.999999546,0.00164757053,0.998606323,0.016830692,0.00256058818,0
0.999521497,1.388092641,0.942515247,0.150385212,0.216035134,0
0.99949508,3.789356842,0.913626171,0.168190775,0.271968168,0
0.999999827,0.000687076648,0.999962057,0.0134847771,0.00145711347,0
0.999999701,0.00115515276,0.99985469,0.0149503332,0.00187649446,0
0.999999084,0.00229067894,0.999849921,0.0177900239,0.00281676781,0
0.999999951,0.000663710003,0.999692722,0.0119436274,0.00119975575,0
0.999643438,1.183380607,0.941769666,0.147617279,0.203250368,0
0.999999999,0.00011639943,0.999883147,0.00427294903,0.000179467791,0
1,0,0.999999955,0,0,0
1,0,0.999999955,0,0,0
1,0,0.999999955,0,0,0
0.999829182,4.086183525,0.954409413,0.139355908,0.172073291,0
1,1.79E-06,0.999967566,0.00034928097,1.68E-06,0
1,3.13E-10,1.00000014,4.68E-06,3.13E-10,0
0.999999997,2.27E-05,0.999973382,0.00125432057,2.17E-05,0
0.999999628,0.00117918259,0.99997607,0.00969779941,0.00101679712,0
0.999820223,2.399461451,0.950394878,0.143105371,0.184394928,0
0.999660571,4.745384783,0.932982743,0.154332178,0.218112358,0
1,5.83E-08,0.999994802,6.54E-05,5.86E-08,0
0.999999996,1.29E-05,0.999987333,0.00192938296,3.14E-05,0
0.999999083,0.0024887718,0.999979412,0.0158926722,0.00245901961,0
0.999999995,0.000693399379,0.99945184,0.0110174728,0.00105323422,0
0.999642422,1.288960586,0.94285896,0.146804073,0.203512813,0
0.999999984,8.10E-05,0.999690709,0.00313751556,0.000101418008,0
0.999999998,6.12E-05,0.999846796,0.00272380937,7.76E-05,0
0.999999995,1.38E-05,0.999999995,0.000917944558,1.17E-05,0
0.999999985,2.55E-05,0.999890078,0.0013552017,2.56E-05,0
0.999925827,0.0544003441,0.981109709,0.056275693,0.0338163813,0
0.999999981,9.01E-05,0.999704564,0.00338314992,0.00011320938,0
0.999998976,0.00227387905,0.999916952,0.0175589908,0.00292408082,0
0.999999982,0.000341401304,0.999549075,0.00796507939,0.000562266427,0
1,0,0.999999955,0,0,0
0.999976107,0.052976892,0.986791097,0.0499726677,0.0261942034,0
0.999628317,3.922799424,0.938742818,0.140673278,0.192405093,0
0.999999997,4.03E-05,0.99979356,0.00227788738,5.87E-05,0
0.999999921,0.00259439137,0.998811358,0.0151152583,0.00209934206,0
0.999999904,0.00160676781,0.998987333,0.017464095,0.00268160141,0
0.999999113,0.00341181131,0.999259376,0.0244853016,0.00526624011,0
0.999271266,10.65729542,0.919869158,0.159864602,0.255769696,0
0.999985836,0.166490132,0.993576749,0.047008366,0.0213247975,0
1,0,1.000000043,0,0,0
1,0,1.000000043,0,0,0
0.999990181,0.0201788793,0.995505542,0.041914952,0.016205523,0
0.999927346,0.238428322,0.979578239,0.0877486039,0.0764438247,0
0.999989281,0.289022357,0.994602855,0.0432273935,0.0170725798,0
0.999989993,0.0239391349,0.995342215,0.0426970157,0.0166432,0
0.999999189,0.0021117063,0.999754655,0.0183071212,0.00306990924,0
0.999999907,0.000770078095,0.999499694,0.0121886409,0.00134065038,0
0.999771166,6.285040702,0.94963372,0.143178065,0.195391586,0
0.999670456,3.769195099,0.933523528,0.149685763,0.21572652,0
0.999999989,4.46E-05,0.999856936,0.00225423798,5.12E-05,0
0.999999737,0.000636700286,0.999939339,0.00902303356,0.000804471475,0
0.999999999,0.000130275138,0.999843532,0.00557718888,0.000262539924,0
0.999999999,0.000136418626,0.99984073,0.0055775958,0.000262604432,0
0.999438777,7.473403744,0.92581058,0.162939955,0.260123605,0
0.999995622,0.00252786116,0.998367742,0.0205933017,0.00435000639,0
0.999989722,0.533994834,0.995282332,0.0410090464,0.0161661136,0
0.999989923,0.0219366004,0.995272613,0.0412278746,0.016325953,0
0.999999982,0.000295863402,0.999580234,0.00645523659,0.000406717566,0
0.999666857,3.323004491,0.94272781,0.148489956,0.218999739,0
0.999999196,0.00112521447,0.998001254,0.0113131434,0.00141915024,0
0.999999998,9.66E-05,0.999827092,0.00476431282,0.00019054193,0
0.999999997,3.55E-05,0.999856669,0.00174046102,3.76E-05,0
0.999999994,1.89E-05,0.999999953,0.0016218877,2.75E-05,0
0.999832151,0.502526984,0.94908199,0.129132688,0.173361326,0
0.999518482,1.439511788,0.921039462,0.153380986,0.233668119,0
0.999999961,0.00157590094,0.999655887,0.0047237152,0.000248122872,0
0.999999049,0.00186510595,0.999821313,0.0163250689,0.00247966908,0
0.999999934,0.000524296712,0.999782516,0.00933519348,0.000807060036,0
0.999999931,0.00019431561,0.99955877,0.00490722207,0.000246643517,0
0.999298792,7.711118858,0.931494564,0.156902854,0.254067702,0
0.999996661,0.00748593838,0.999062307,0.0236018384,0.00636368213,0
0.999999751,0.00375264809,0.997755497,0.0190239717,0.0040026492,0
0.999999981,0.000187872297,0.999523343,0.00429063656,0.000220827602,0
0.999999906,0.000877361238,0.999377358,0.0112478461,0.00127375542,0
0.999544351,1.955630711,0.947241424,0.131047924,0.181549718,0
0.999999935,0.000228087181,0.999458908,0.00541708999,0.000300036745,0
1,0,0.99999984,0,0,0
1,0,0.99999984,0,0,0
0.999999996,1.57E-06,0.999956314,0.000327547798,1.59E-06,0
0.999464607,4.490526305,0.922531821,0.145983897,0.223061927,0
0.999286724,5.323892681,0.914674155,0.172583574,0.306988455,0
0.999998179,0.00117623205,0.998444126,0.00933574575,0.0012422875,0
1,0,0.999999993,0,0,0
1,0,0.999999993,0,0,0
1,1.47E-07,0.999985643,0.00010064969,1.47E-07,0
0.999400463,7.379999566,0.918215627,0.171862998,0.301771299,0
0.999997087,0.00514727272,0.998359656,0.0174308486,0.00381546882,0
0.999979027,1.194471275,0.995547799,0.0530224948,0.0293853563,0
0.999999929,0.00259443695,0.997944766,0.0160050571,0.00283528771,0
0.999986121,0.0330888595,0.994758093,0.0445409596,0.0199171828,0
0.999711346,6.055941007,0.939451208,0.161479549,0.259967259,0
0.999999996,9.71E-05,0.999822224,0.00409594427,0.000156548589,0
0.999999975,0.00022784731,0.999686772,0.00533026578,0.000302229698,0
0.999998147,0.00208098793,0.999545471,0.0161721861,0.002781986,0
0.99999998,0.000700971643,0.999258279,0.00967223249,0.000963054556,0
0.999772658,4.028971592,0.944844168,0.154212511,0.232227928,0
0.999509238,1.759931331,0.928716017,0.145334688,0.228646091,0
0.999999998,2.07E-05,0.999857701,0.00114698411,1.96E-05,0
0.999999999,7.35E-06,0.999936891,0.000697278695,7.24E-06,0
0.999999999,1.51E-05,0.999914258,0.00102467789,1.56E-05,0
1,0,0.999999889,0,0,0
0.99955127,14.14743929,0.930655631,0.148119606,0.234725613,0
0.999999984,9.87E-05,0.999691628,0.00394405772,0.000156758287,0
0.99999998,0.000151232108,0.999601165,0.0048727765,0.000236192519,0
0.999999103,0.00131252128,0.999823304,0.0146028328,0.00209637012,0
0.999999395,0.00333799366,0.998787136,0.0196566822,0.00396353205,0
0.999715754,2.608583587,0.94380611,0.14479366,0.224759449,0
0.999999969,0.000112461057,0.99958164,0.00398434133,0.000170139493,0
0.999999994,0.000223173454,0.999566666,0.00670948695,0.000427580143,0
0.999999988,0.000319381806,0.999476498,0.00735138796,0.000515966349,0
0.999999988,5.76E-05,0.999827765,0.00334876233,0.000110761453,0
0.999703687,0.70223439,0.941025636,0.137502516,0.206105844,0
0.999590743,3.332801093,0.927019537,0.13825044,0.216150188,0
0.999999984,0.000152461671,0.999789463,0.00318327809,0.000133550419,0
0.999999971,0.000140386484,0.999781819,0.00397216005,0.000180177907,0
0.999999849,0.00201139164,0.997902439,0.0198585125,0.00369908316,0
0.999999954,0.000598606695,0.999064775,0.0104791471,0.00101795024,0
0.999242078,13.56495403,0.926255517,0.167111951,0.29707136,0
0.999999971,1.74E-05,0.99996055,0.00198314677,3.84E-05,0
0.999998784,0.00209738066,0.999309896,0.0155922313,0.00264545556,0
0.999999984,0.000285589717,0.999563019,0.00625756693,0.000413709333,0
1,0,1.000000003,0,0,0
0.999595509,5.074775721,0.940577823,0.13548823,0.190650783,0
0.999999952,3.95E-05,0.999645623,0.00202001505,5.12E-05,0
0.999999968,3.84E-05,0.999776599,0.0018549297,4.14E-05,0
0.999999891,8.04E-06,0.999788174,0.000724266938,8.02E-06,0
1,0,1.00000002,0,0,0
0.999745652,1.156477306,0.947178457,0.129563095,0.180203157,0
0.999542988,3.247855349,0.92761664,0.13950389,0.219412747,0
0.999999943,0.00205129986,0.997864981,0.0184388625,0.00329517253,0
0.999999972,0.000219212751,0.999482727,0.00591923893,0.000352467807,0
1,0,1.000000149,0,0,0
0.999999997,2.24E-05,0.999884449,0.00124913798,2.34E-05,0
0.999250339,10.9886747,0.926269942,0.168134503,0.308122011,0
0.994079102,0.735839559,0.743689972,0.299421811,0.752666072,1
0.999999999,2.93E-05,0.999874361,0.00156021378,2.80E-05,0
0.999999999,5.41E-06,0.99995973,0.000685347449,5.43E-06,0
0.999999367,0.00460805097,0.999973041,0.023921652,0.00394083051,0
0.999870163,1.44353111,0.944916346,0.134043222,0.138258038,0
0.99999946,0.00127116119,0.99856043,0.011153661,0.00128388946,0
0.999999999,7.55E-05,0.999912886,0.0036387771,0.000100033283,0
0.999999998,0.000175906386,0.999837024,0.00535083784,0.000215143517,0
0.999999979,4.80E-05,0.999999842,0.00187968901,4.01E-05,0
0.999927551,0.470915624,0.972716929,0.106397974,0.091089394,0
0.99986869,1.111606985,0.95510805,0.126976556,0.123707589,0
0.999999989,0.000356304946,0.999478276,0.0093730624,0.000619103485,0
0.999999998,0.000278330311,0.999802369,0.0064510076,0.000302926537,0
0.999999963,0.000762731529,0.999230154,0.0139709886,0.00136457389,0
0.999999977,6.43E-05,0.999995988,0.00253096499,6.44E-05,0
0.999849923,0.989023024,0.968124334,0.118494237,0.109885329,0
0.999999112,0.0026814101,0.999524715,0.0168688861,0.00242510673,0
1,0,0.999999977,0,0,0
0.999999991,0.000207011346,0.999789176,0.00664464927,0.000341931085,0
0.99999955,0.0061855108,0.999658013,0.0246261238,0.00444037853,0
0.999975343,0.025743028,0.981190464,0.0653654709,0.0320571132,0
0.999999309,0.00207398525,0.998729114,0.0166283459,0.00224028774,0
0.999999752,0.00273807144,0.9996403,0.0173323327,0.00226739516,0
1,0,0.999999826,0,0,0
1,0,0.999999826,0,0,0
0.999871219,1.085220843,0.962509948,0.120328852,0.111540955,0
0.999857159,0.341357661,0.957779264,0.114993916,0.104367417,0
0.999999981,0.000167408488,0.999725083,0.00528979975,0.000228816356,0
0.999999919,0.000441090927,0.999936419,0.010178871,0.000729324275,0
0.999999728,0.00125494746,0.999946851,0.0173960654,0.00217970281,0
0.999999774,0.00120733766,0.999641068,0.0166102888,0.0020061682,0
0.999841875,2.133033282,0.967455134,0.123011855,0.123102713,0
0.999999826,0.00147224326,0.999689524,0.0153292112,0.00180080312,0
0.999999981,0.000847795691,0.999357325,0.0133341127,0.00134560063,0
0.999999815,0.000925150476,0.999982575,0.011057257,0.00104711766,0
0.999998973,0.00238649581,0.99992242,0.0170341727,0.00255152498,0
0.999718791,2.077230047,0.952887917,0.133116395,0.14619981,0
0.999999979,0.000197713868,0.999478166,0.00644178124,0.000330242456,0
0.999999971,0.000190458605,0.999747493,0.00345383069,0.000139615937,0
0.999999961,0.000145231198,0.999712655,0.00534817463,0.000252981582,0
0.999999919,0.000439940518,0.999691428,0.00825191512,0.00062068609,0
0.999979177,0.0693813496,0.984230737,0.067069705,0.040284276,0
0.99981459,1.139143409,0.947935483,0.131458912,0.136322487,0
0.999999972,3.18E-05,0.99977756,0.00166469061,3.27E-05,0
0.999999996,1.09E-05,0.999990865,0.000911163636,9.86E-06,0
0.999999697,0.00178651265,0.999981465,0.0142698664,0.00156222611,0
0.999999994,0.000426451145,0.999458533,0.0104079888,0.000774793116,0
0.999881205,5.27757536,0.964392378,0.134671871,0.138319255,0
0.999999991,0.000127571724,0.999498727,0.00530466212,0.00021714612,0
1,0,0.999999656,0,0,0
1,0,0.999999656,0,0,0
0.999999994,0.000121872118,0.999846199,0.00505365813,0.000192621483,0
0.999801933,1.211678806,0.95324443,0.133081578,0.1406905,0
0.999999979,0.000177157029,0.999743585,0.00420076286,0.000177662064,0
0.999999882,0.000445006764,0.999818979,0.00911884935,0.000681588783,0
0.999999941,0.000956706652,0.99934361,0.01393141,0.00148844972,0
0.99999999,0.000303175475,0.999535035,0.00799617198,0.000501981768,0
0.999804463,10.40285221,0.959652991,0.135458725,0.149556354,0
0.999766269,1.62933854,0.942782721,0.141915684,0.165444096,0
0.99999998,9.42E-05,0.999812481,0.00329144902,0.000108639881,0
0.999999982,0.000266599443,0.999488204,0.00545419384,0.00028096048,0
0.999999673,0.00111377217,0.999726625,0.0154556479,0.00184702343,0
0.999999963,0.000619247288,0.999289106,0.0120458387,0.00109871003,0
0.999852962,7.95813127,0.966080196,0.130215656,0.137565288,0
0.9999999,0.00109167527,0.998309195,0.0152203576,0.00183668361,0
0.999999998,4.28E-05,0.999828857,0.00180354608,3.98E-05,0
0.999999997,6.23E-06,1.000000039,0.000678364994,5.74E-06,0
0.999999998,3.97E-05,0.999857634,0.00180337967,3.98E-05,0
0.999813584,2.253175875,0.955834981,0.135683013,0.152919997,0
0.999999955,1.61E-05,0.999443594,0.00116615043,1.71E-05,0
0.999988704,0.717446122,0.994751647,0.046908852,0.0189959046,0
1,0,0.999999873,0,0,0
0.999988704,0.0344932989,0.99474733,0.046908852,0.0189959046,0
0.999909672,0.515263471,0.978847594,0.0800238394,0.0591099914,0
0.999655811,2.09298844,0.932944116,0.155173291,0.197509583,0
1,3.96E-08,0.999991529,5.72E-05,3.97E-08,0
1,1.68E-07,0.999982195,0.000118105576,1.69E-07,0
1,1.67E-07,0.999985717,0.000117027361,1.66E-07,0
1,0,1.000000064,1.05E-08,0,0
0.999825504,9.242426918,0.964741928,0.134797354,0.149292378,0
0.999999998,5.44E-05,0.999851715,0.00246601645,6.15E-05,0
0.999999999,8.01E-05,0.999803383,0.00352389114,0.000108731988,0
0.999999998,6.69E-05,0.999829305,0.00311344235,8.87E-05,0
0.999999545,0.000584819051,0.999981896,0.00737565543,0.000593350134,0
0.999825696,2.654468893,0.953769242,0.137705117,0.159092935,0
0.999999932,0.000649402977,0.999266414,0.00917484762,0.000784099391,0
0.999999897,0.000102812649,0.999272257,0.0033342275,0.000115843038,0
1,0,0.999999984,0,0,0
0.999999999,3.21E-05,0.999885198,0.00213359982,4.29E-05,0
0.999600836,5.807074083,0.948347671,0.143323082,0.176040678,0
0.999550866,1.590141383,0.925972081,0.149943095,0.198051043,0
1,1.25E-05,0.99996051,0.000964025709,1.12E-05,0
1,1.16E-05,0.999962605,0.000964025709,1.12E-05,0
1,0,0.999999942,0,0,0
1,0,0.999999942,0,0,0
0.99979903,2.663548906,0.952397009,0.146589299,0.185244775,0
0.999999906,0.000402266309,0.999717515,0.00836731541,0.000594085546,0
0.99999988,0.000755855002,0.999261708,0.0128350178,0.00132196295,0
0.999999964,0.00114612432,0.998533921,0.0144230413,0.00173359483,0
0.999999986,0.000452653087,0.999169911,0.00882378907,0.000662828395,0
0.999826686,4.305124722,0.954276138,0.141222842,0.163138454,0
0.999999909,0.0038407669,0.998570395,0.0116729597,0.00128851755,0
0.999999964,0.00482679331,0.999463233,0.00820204666,0.000615895786,0
0.99999995,0.00026354534,0.999621203,0.0069251014,0.000438066102,0
1,0,0.99999999,1.05E-08,0,0
0.999860387,11.61562087,0.962774273,0.132869239,0.142485612,0
0.999836169,0.519876555,0.944490783,0.12902144,0.138023498,0
1,2.43E-08,0.999997128,4.45E-05,2.44E-08,0
1,1.53E-07,0.999987084,0.000111605272,1.53E-07,0
0.999439293,0.0996732611,0.898420663,0.132403132,0.157624409,1
0.999999905,0.000705169786,0.998908183,0.0119093053,0.000984789258,0
0.999922518,1.291579278,0.958729765,0.138439439,0.135574147,0
0.999999999,4.94E-05,0.999906895,0.00223070585,4.64E-05,0
0.999999999,1.23E-05,0.999906668,0.00135150177,1.62E-05,0
0.999999998,3.65E-05,0.999899067,0.00199640112,3.95E-05,0
1,0,0.999999973,0,0,0
0.999975817,0.120979601,0.976786092,0.0893335492,0.0587383993,0
0.999999877,0.0133355165,0.999090599,0.0145994018,0.0016253328,0
0.999999901,0.000860958382,0.999273602,0.0143402719,0.00155923921,0
0.999999997,8.71E-05,0.999793735,0.00310745841,8.91E-05,0
1,0,1.000000204,0,0,0
0.999980734,0.245023696,0.97721552,0.0785215757,0.0470414411,0
0.999904083,0.961266319,0.95822166,0.128046457,0.120965097,0
1,0,0.999999933,1.05E-08,0,0
0.999999105,0.00434048747,0.999999933,0.0217054176,0.00362841714,0
0.999999823,0.00315720927,0.99909314,0.0195505983,0.00259465201,0
0.999999999,1.87E-05,0.999999922,0.00167585671,2.30E-05,0
0.999895827,1.262409072,0.960978722,0.135804997,0.136283285,0
0.999999924,8.28E-05,0.999520896,0.00271057526,8.17E-05,0
0.999999996,2.15E-05,0.999872446,0.00137389732,2.11E-05,0
1,0,0.999999954,0,0,0
0.999999996,2.12E-05,0.999870487,0.00137389732,2.11E-05,0
0.999916179,1.46165135,0.957016565,0.137485526,0.137085749,0
0.999999593,0.0108801162,0.998767516,0.0146731322,0.00182968523,0
0.999999873,0.00366781224,0.99921106,0.0144642903,0.00177147097,0
0.999999998,1.58E-05,0.999893242,0.00149252361,2.08E-05,0
1,0,0.999999849,0,0,0
0.999827154,0.796248465,0.951713726,0.140718761,0.150149269,0
0.999717594,0.895729186,0.939212746,0.144644557,0.164159871,0
0.999999909,0.000401911142,0.999654893,0.00633913391,0.000354804775,0
0.999999156,0.00475053097,0.999345159,0.0327530645,0.00734562212,0
0.999999983,0.000793524512,0.999208066,0.0139578485,0.00135584207,0
0.999999998,2.88E-05,0.999881639,0.00181173938,3.26E-05,0
0.999893445,1.467140723,0.962628426,0.123147552,0.118488663,0
0.999999981,3.12E-05,0.999867333,0.00230146469,4.35E-05,0
0.999999992,8.75E-05,0.999720424,0.00341602924,9.82E-05,0
0.999999998,1.66E-05,0.999896861,0.0017060654,2.46E-05,0
0.99999999,0.000108356884,0.999784763,0.00373983171,0.000123773413,0
0.999829362,2.854665239,0.957150539,0.146055922,0.156298758,0
0.999983815,0.58112637,0.99099345,0.0627489096,0.0282364017,0
1,0,1.000000217,1.05E-08,0,0
1,0,1.000000217,1.05E-08,0,0
0.999995873,0.111005218,0.995312768,0.0573214564,0.0218732117,0
0.999862928,0.820278544,0.961979397,0.119147976,0.108795877,0
0.999733326,4.018890316,0.935004676,0.157683424,0.183302866,0
0.999999998,3.26E-05,0.999886439,0.00163937029,2.97E-05,0
0.99999999,8.35E-05,0.999787869,0.00300318646,8.80E-05,0
0.999999991,3.55E-05,0.999584979,0.00216425498,4.43E-05,0
0.999999319,0.00201837467,1.000000054,0.0158012795,0.00201529611,0
0.999768787,4.263179834,0.960143804,0.144141383,0.150416595,0
0.999999676,0.0263210862,0.998809387,0.0203442504,0.00333367259,0
0.999999805,0.00136759477,0.998560691,0.0163027637,0.00216570629,0
0.99999968,0.0264652442,0.998303429,0.0208566326,0.00352383428,0
0.999999808,0.00123034508,0.998708283,0.0143068753,0.00178322122,0
0.999863645,0.925904777,0.954548019,0.126361745,0.123010821,0
0.999999956,0.00110430253,0.999001641,0.0159515027,0.00184344556,0
0.999999955,0.00194855647,0.998399135,0.0202424613,0.00294974794,0
0.999999992,4.23E-05,0.999838385,0.00197657116,4.31E-05,0
1,0,0.999999998,0,0,0
0.999981873,0.0162488735,0.991486126,0.0449352008,0.0181336733,0
0.999821533,0.47933129,0.94257012,0.139244801,0.147070313,0
0.999999981,0.000468674519,0.999626245,0.00471870229,0.000228819755,0
1,1.14E-09,0.999998591,1.00E-05,1.14E-09,0
0.99999864,0.00308384931,0.99985243,0.022691065,0.00399136959,0
0.999999853,0.00153069534,0.999125176,0.0168585109,0.00212006949,0
0.999742558,4.568540276,0.956915724,0.144753009,0.155993033,0
0.999994689,0.00360687475,0.997147921,0.0413365377,0.0119093708,0
0.999999959,0.000289107512,0.999574348,0.00662799293,0.000357456335,0
0.999999995,0.00011395974,0.999812748,0.00524681816,0.000200797042,0
0.999999583,0.00342107649,0.997777379,0.0271076031,0.00543994216,0
0.999774193,0.938317412,0.948963913,0.137737593,0.148280415,0
0.999999674,0.00360450479,0.997918132,0.0258672174,0.00502157592,0
0.99999975,0.00887310062,0.997024699,0.0293887195,0.00669097216,0
0.999999961,0.00184320458,0.998346493,0.0181419997,0.00258621569,0
1,6.30E-05,0.999903195,0.00353617001,9.45E-05,0
0.999870533,2.973770041,0.954601529,0.139034308,0.150898578,0
0.999802253,1.12350376,0.944875633,0.140481425,0.154650083,0
0.999999968,4.88E-05,0.999744744,0.00241536314,5.84E-05,0
0.999999969,5.90E-05,0.999756222,0.00241210133,5.82E-05,0
1,1.12E-07,0.999987309,9.84E-05,1.11E-07,0
1,0,1.000000139,0,0,0
0.999860135,2.143029471,0.96601864,0.136727802,0.145073228,0
0.999999721,0.000936658908,0.999837042,0.0120477555,0.00119045678,0
0.999999956,0.00105177551,0.998564552,0.0155320935,0.00180309625,0
0.999999993,0.000278159575,0.999532318,0.00726045157,0.000413737566,0
1,0,0.999999809,1.05E-08,0,0
0.999909763,2.203868679,0.956433771,0.127378014,0.132519169,0
0.999999995,0.000196387699,0.999835014,0.00306414894,0.00010310458,0
0.999999991,0.000215636789,0.999632803,0.00601212873,0.000303856945,0
0.999999834,0.00391457788,0.997059817,0.024392929,0.00482908278,0
1,3.26E-05,0.999932459,0.00206667454,4.15E-05,0
0.999888023,1.913325471,0.960916346,0.121544228,0.115451493,0
0.999776652,1.045947933,0.943537613,0.14648689,0.160152987,0
1,4.45E-08,0.99999568,6.20E-05,4.44E-08,0
1,4.44E-08,0.99999568,6.20E-05,4.44E-08,0
1,0,0.999999984,1.05E-08,0,0
0.999999972,4.92E-05,0.999999984,0.0027224582,6.53E-05,0
0.999917735,1.608282337,0.970386791,0.127329977,0.123614315,0
0.999999986,0.000434792541,0.99923025,0.00874971727,0.000616851016,0
0.999999959,0.00136207948,0.999774962,0.00564224162,0.000249682108,0
1,0,1.000000225,0,0,0
0.999999959,0.000135059166,0.999774962,0.00564224162,0.000249682108,0
0.999913222,1.796576798,0.95986302,0.132085234,0.13497003,0
0.999999579,0.0040945416,0.998635287,0.0141075778,0.00179294722,0
0.999999881,0.00250027874,0.99913757,0.0137291919,0.00166624206,0
0.999999998,3.73E-05,0.999851569,0.00190699612,3.87E-05,0
1,0,1.000000083,0,0,0
0.999837835,1.467155189,0.95175297,0.139837859,0.160678548,0
0.999902446,2.621120769,0.945952001,0.138606658,0.150320686,0
0.999999999,2.13E-05,0.999920217,0.00132675377,2.01E-05,0
0.999999999,3.34E-05,0.999935958,0.001516363,2.61E-05,0
1,8.30E-06,0.999963852,0.000919038999,9.56E-06,0
1,0,1.000000074,1.05E-08,0,0
0.999871199,1.175813912,0.95739584,0.132634061,0.142855379,0
0.999999985,8.03E-05,0.999767112,0.00242668535,6.86E-05,0
1,1.79E-06,0.999957804,0.00038636593,1.76E-06,0
0.999999999,4.79E-05,0.999892862,0.00208593642,5.05E-05,0
1,0,0.99999983,0,0,0
0.999940841,3.931666118,0.98275783,0.0775591633,0.0479527746,0
0.999999795,0.00037025157,0.999958616,0.0071733109,0.000457431925,0
0.999999907,0.000642099908,0.999330523,0.00955835074,0.000773235626,0
1,0,0.999999922,1.05E-08,0,0
0.999999999,2.26E-05,0.999947729,0.00146006752,2.49E-05,0
0.99989748,1.923323646,0.969630277,0.0987780369,0.0799358735,0
0.999830196,3.037924997,0.944941771,0.134667992,0.145528924,0
0.999999965,0.000130348102,0.999695972,0.00521740209,0.000199856933,0
0.999999657,0.00145756427,0.999462957,0.0168370623,0.00221447339,0
0.999999858,0.00252381341,0.99812998,0.0218734018,0.003657305,0
0.999999999,0.000142851132,0.999807811,0.00513858474,0.000204078506,0
0.999849134,1.436867607,0.958780444,0.126954526,0.137439362,0
0.999999901,0.000551814635,0.999886114,0.00918102565,0.000704688388,0
0.999999704,0.000517870182,0.99996163,0.0100365243,0.000815268843,0
0.999998919,0.00219776304,0.999694287,0.0168257269,0.00251564421,0
0.999998927,0.00197879379,0.999864227,0.0150893877,0.00211108556,0
0.999810572,1.557760144,0.952753868,0.140467511,0.163016383,0
0.999999821,0.00227251174,0.998960833,0.0143600018,0.0017131605,0
1,0,0.999999996,0,0,0
1,0,0.999999996,0,0,0
0.999999998,1.77E-05,0.999896567,0.001180348,1.70E-05,0
0.999745545,2.507757645,0.948474064,0.131335783,0.146726175,0
0.999729872,0.923289331,0.932157508,0.138670351,0.16425196,0
0.999994604,0.196995417,0.993348357,0.039306569,0.0119479293,0
0.999999998,5.46E-05,0.999861123,0.00280364461,6.79E-05,0
1,0,0.999999974,0,0,0
1,0,0.999999974,0,0,0
0.999808398,3.192456594,0.961078461,0.129015334,0.140935617,0
0.999732519,0.111310049,0.892033179,0.154702708,0.1945865,1
0.999999999,2.26E-05,0.999889461,0.00199781442,3.20E-05,0
1,1.04E-09,0.99999847,9.68E-06,1.04E-09,0
0.999999999,2.43E-05,0.999902394,0.00199633407,3.19E-05,0
0.999774505,0.749691756,0.958265402,0.128821051,0.13131225,0
0.999999937,0.000227404979,0.999443923,0.00435533513,0.000207409622,0
0.999999963,0.000198103104,0.999500313,0.00444946214,0.000208616024,0
0.999999998,1.85E-05,0.999909877,0.00170575857,2.41E-05,0
0.999999969,0.000125543494,1.000000095,0.00369175335,0.00012589901,0
0.999826655,1.192315966,0.958247873,0.133248919,0.132655318,0
0.999862488,1.271287618,0.952706809,0.136445807,0.134223437,0
0.999999973,3.95E-05,0.999750018,0.00199539492,3.95E-05,0
0.999999963,9.32E-05,0.999995429,0.00381902431,0.000120271602,0
0.999999597,0.00498355754,0.999782767,0.0256388883,0.00442074614,0
0.99999959,0.00350109169,0.999647557,0.0247289076,0.00438267214,0
0.999863741,1.965817892,0.963125384,0.142899393,0.146820977,0
0.999999798,0.00094692198,0.999977584,0.0138128308,0.00141566612,0
0.999999644,0.0012969748,0.99997797,0.0133155517,0.00141955,0
0.999999869,0.00102256742,0.999725774,0.0136643219,0.00140982044,0
0.999999612,0.00117959052,0.999933516,0.014797615,0.00167658671,0
0.999956761,0.49152982,0.97679407,0.0862070051,0.0564341448,0
1,0,0.999999897,0,0,0
1,0,0.999999897,0,0,0
1,0,0.999999897,0,0,0
0.999999944,0.00173837326,0.998672814,0.0179324054,0.00240199893,0
0.99984887,0.84035995,0.961318085,0.122219252,0.115596231,0
0.999699188,2.488398102,0.940013724,0.150342641,0.173625872,0
0.999999998,6.55E-05,0.999847349,0.00385204459,0.000104609708,0
1,1.13E-05,0.999985671,0.000824046538,7.35E-06,0
0.999999987,1.89E-05,0.999999938,0.0014618605,2.01E-05,0
0.999999993,3.30E-05,0.99979525,0.00219839689,4.17E-05,0
0.999737847,0.748033944,0.949747239,0.142907567,0.16200356,0
0.999999885,0.00106684605,0.999679699,0.0132032596,0.00135581908,0
1,0,1.000000197,0,0,0
0.99999987,0.000114428187,0.999954288,0.00312568777,0.000111168512,0
0.999999522,0.00134189426,0.99991873,0.0141618256,0.00164150691,0
0.999936559,1.260520304,0.971303967,0.0925048632,0.0705072938,0
0.999999993,5.71E-05,0.999897164,0.00285632322,7.26E-05,0
0.999999978,9.00E-05,0.999682298,0.00445559978,0.000152476645,0
0.999999871,0.000799889742,0.999727841,0.0119803547,0.00109425099,0
0.999999833,0.0014287857,0.999157952,0.017114646,0.00217033987,0
0.999839129,2.092850092,0.958142135,0.142091121,0.159468032,0
0.999644557,4.315258516,0.931745647,0.138876202,0.160878409,0
0.999999974,4.61E-05,0.999738576,0.00210829553,4.66E-05,0
0.999999814,0.000869019075,0.999813242,0.0147589552,0.00153820426,0
0.999999899,0.00143773106,0.999342589,0.0166599976,0.0019834163,0
0.999999921,0.000433571241,0.999739928,0.00828221926,0.000548631879,0
0.999837411,1.798861728,0.958137927,0.126414201,0.128612475,0
0.999999925,0.000537360213,0.999816319,0.0112372996,0.000935077125,0
0.999999857,0.000746556644,0.999889298,0.0123982463,0.00117713592,0
0.999999867,0.000813574258,0.999830421,0.0132401886,0.00132598724,0
0.999999997,7.88E-05,0.999708349,0.0043438398,0.000140124198,0
0.999883881,4.266595214,0.960607158,0.128854634,0.130347327,0
0.99999975,0.00146625882,0.998658393,0.014842064,0.00198656739,0
0.999998912,0.00297099213,0.999620154,0.0209065082,0.00363820067,0
0.999999993,0.000500053279,0.999526915,0.00925208489,0.000693383878,0
1,0,0.999999808,0,0,0
0.999867666,1.995690837,0.951444186,0.13229545,0.137897629,0
0.999822256,0.538808114,0.947428341,0.126926171,0.131231469,0
0.999999622,0.00138670926,0.999742499,0.0144564479,0.00170986242,0
0.999999292,0.00133759058,0.999950941,0.01508649,0.00181857871,0
0.999999999,9.57E-06,0.999988359,0.000820162963,7.88E-06,0
0.999999052,0.00128393324,0.999975537,0.0121348827,0.0013613624,0
0.99980108,0.993183803,0.959001642,0.119564957,0.125605378,0
0.999999249,0.00125480564,0.999980873,0.0141110141,0.00166355445,0
0.999999057,0.00184828028,0.999692314,0.0150048574,0.00203272201,0
0.999999996,0.000214696202,0.999587288,0.00634828492,0.000322310424,0
0.999999996,2.08E-05,0.999955233,0.00112733435,1.52E-05,0
0.99986503,3.515174832,0.956878475,0.133297488,0.147991385,0
0.999999992,5.21E-05,0.999888958,0.00512491902,0.000179706865,0
0.999999859,0.000520897628,0.999871503,0.00813101314,0.000574777933,0
0.999999998,0.000108784547,0.999760461,0.00436822481,0.00016223521,0
0.999999997,0.000117356979,0.999753495,0.00464180619,0.000174167061,0
0.999963479,0.119894327,0.978448946,0.0799578194,0.0552307076,0
0.999791296,1.124893025,0.945888506,0.134780811,0.149666349,0
0.99999997,8.21E-05,0.999856431,0.00417639534,0.000141548911,0
0.999999942,0.000285863993,0.999610015,0.0068557578,0.000406217445,0
0.999999966,0.000485173717,0.999579484,0.0113301825,0.000935669293,0
0.999999979,3.38E-05,0.999704775,0.00192973962,4.05E-05,0
0.999808779,2.839523462,0.955985118,0.13713464,0.154078383,0
0.999999989,0.000144299826,0.999587094,0.00536624846,0.000233769179,0
0.999999986,0.000112570959,0.999815744,0.00371292,0.000124206314,0
0.999999822,0.00120614091,0.999600572,0.0165119493,0.00204676553,0
0.999999951,0.000878939008,0.99917367,0.0149321037,0.00167786232,0
0.999856324,3.564665322,0.952293829,0.138235714,0.15461182,0
0.999999083,0.00244134856,0.999542472,0.0197461424,0.00327117573,0
0.999999974,0.000503459258,0.998982748,0.0101882915,0.000810073031,0
1,0,1.000000155,0,0,0
0.999999999,1.72E-05,0.999889593,0.00116456492,1.66E-05,0
0.999737308,3.64057859,0.95040643,0.152544844,0.189867056,0
0.999573419,1.967981187,0.930602059,0.145520154,0.180697657,0
0.999999974,3.51E-05,0.999632982,0.00189911755,3.97E-05,0
0.99999998,0.000124074712,0.999798096,0.00400671239,0.00015296523,0
0.999999808,0.00110298284,0.999161214,0.0163110465,0.0020498058,0
0.999999986,0.00025716963,0.999515657,0.00640783935,0.000362010277,0
0.999643336,6.258598641,0.946172382,0.152005141,0.189314912,0
0.999999994,2.72E-05,0.999904372,0.00164609599,2.92E-05,0
0.999999544,0.00121352686,0.999372576,0.0141615716,0.00174235478,0
0.999999909,0.000718202496,0.998839637,0.0113914336,0.0010699939,0
1,0,0.999999885,0,0,0
0.999973378,0.619744276,0.982133711,0.0683918436,0.0394395841,0
0.999999069,0.000894260126,0.999642891,0.0113676586,0.00119876104,0
0.999999989,0.000227119046,0.999780077,0.0076180463,0.000446447454,0
1,0,1.000000032,0,0,0
1,0,1.000000032,0,0,0
0.999848062,0.465137681,0.97098606,0.0938522298,0.0737846401,0
0.999803861,0.983846064,0.948023715,0.127990438,0.13617719,0
1,7.08E-06,0.999951031,0.000716572546,6.34E-06,0
1,6.15E-06,0.999951607,0.000722766121,6.45E-06,0
1,1.32E-07,0.999985701,0.000102751142,1.31E-07,0
1,0,1.000000051,0,0,0
0.999700309,9.060560969,0.94964485,0.151610542,0.190830789,0
1,1.17E-09,0.999994264,9.50E-06,1.17E-09,0
0.999999999,1.24E-05,0.999928332,0.000963470746,1.17E-05,0
1,0,1.000000073,0,0,0
0.999999999,1.13E-05,0.999928332,0.000963470746,1.17E-05,0
0.999843065,2.481913381,0.950802317,0.137712336,0.158307726,0
0.999990159,0.214763488,0.99210184,0.0487993474,0.0211479966,0
0.999992151,0.175729431,0.994714131,0.0467383671,0.018517894,0
0.999669316,4.155760785,0.89561916,0.192531588,0.281225114,0
0.999997829,0.00634544902,0.994503369,0.0328245789,0.00852421455,0
0.999865488,1.129905866,0.938286995,0.146388109,0.1667755,0
0.99954138,1.592275189,0.939965945,0.22048147,0.379772159,0
0.999992916,0.0177270285,0.987939739,0.0409502614,0.0150875655,0
0.999999964,0.00129476893,0.998374335,0.016206628,0.00207904854,0
0.999999806,0.00187525323,0.997911899,0.0192231738,0.00301823082,0
0.999999717,0.00125737253,0.998882929,0.0148770925,0.00186334907,0
0.999833236,1.114877276,0.956502709,0.130000956,0.14916271,0
0.99999999,0.000163844935,0.999495017,0.00435801885,0.000190320708,0
0.999999998,2.34E-05,0.999832096,0.0013721026,2.39E-05,0
0.999999998,2.50E-05,0.999859451,0.0013721026,2.39E-05,0
0.999999998,2.34E-05,0.999832096,0.0013721026,2.39E-05,0
0.999275528,5.596824093,0.856876522,0.22944694,0.420419367,1
0.999989026,1.213871692,0.993631369,0.0498836423,0.018987384,0
0.9999897,0.0372110297,0.994687822,0.0490405848,0.0182101688,0
0.999999593,0.0020903038,0.999975057,0.0185602625,0.0026480377,0
0.999997979,0.00643316822,0.999635669,0.0310013885,0.0077631887,0
0.999907337,2.303376028,0.951365914,0.133160591,0.147401911,0
0.999883042,1.408251867,0.949493678,0.134032049,0.140747582,0
0.99999965,0.00103917228,0.999976572,0.0115499512,0.00111207831,0
0.99999998,0.000231162815,0.999839275,0.00515406989,0.000247054645,0
0.999999063,0.0036340857,0.999640699,0.0227281567,0.00421948765,0
0.999999342,0.00335364729,0.999158868,0.0256392414,0.00502196766,0
0.999798671,4.170571709,0.950403955,0.136349729,0.153477815,0
1,1.24E-07,0.999997271,0.000101520064,1.25E-07,0
0.999999952,0.000157986347,0.999668843,0.00431253184,0.000176587535,0
0.999999977,0.000166844526,0.999606117,0.00471896316,0.000208161714,0
0.999999988,0.000289302543,0.99945327,0.00845837719,0.000530155992,0
0.999794086,1.664454079,0.953321248,0.144807397,0.171374079,0
0.999999971,0.000868379536,0.998995083,0.0150257938,0.00166255733,0
0.999999987,0.000523007262,0.999510678,0.0121376923,0.00103853308,0
0.999999992,0.00034836821,0.999644192,0.00777728804,0.000483833778,0
0.999999965,0.00204180115,0.998553933,0.0236441501,0.00397824922,0
0.999889673,4.479231334,0.947677349,0.132063513,0.142680812,0
0.999724004,1.704868699,0.938650634,0.152578332,0.181263748,0
0.999999994,8.82E-05,0.999738415,0.0028774907,8.55E-05,0
0.999999882,0.000281623188,0.999474972,0.00567900243,0.000301627101,0
0.999999979,0.000276025037,0.999591739,0.00574319982,0.000313174538,0
0.999999779,0.00196018007,0.999111312,0.0168250802,0.0022730834,0
0.999699669,2.781413425,0.945936322,0.154808946,0.198052772,0
0.999997554,0.0116961962,0.994489878,0.0344801646,0.0103954358,0
0.999996911,0.00728314415,0.994490448,0.0283654798,0.00752150266,0
0.999997184,0.00480386994,0.995822208,0.0228507573,0.00516438854,0
0.999999993,0.000127399317,0.999749869,0.0047335306,0.000189504883,0
0.999925827,0.305297161,0.965731154,0.100529749,0.0890815327,0
0.999999909,0.000504556218,0.999484881,0.0101008404,0.000840336614,0
1,0,1.000000091,0,0,0
1,0,1.000000091,0,0,0
0.999999989,5.04E-05,0.999830632,0.00202045766,4.93E-05,0
0.999819862,4.427628489,0.939556455,0.15230167,0.188711549,0
0.999703777,3.210455839,0.926242377,0.151736672,0.188729781,0
1,5.33E-08,0.99999544,6.66E-05,5.32E-08,0
1,5.32E-08,0.99999544,6.66E-05,5.32E-08,0
1,0,0.999999744,1.05E-08,0,0
1,0,0.999999744,1.05E-08,0,0
0.999749665,1.362293225,0.952671663,0.133514518,0.158584798,0
0.999999515,0.0033097439,0.998745431,0.0116922688,0.00152234882,0
0.999999964,0.000167763338,0.999503054,0.00399277404,0.000177778614,0
0.999999998,3.61E-05,0.99987242,0.00184056729,4.05E-05,0
1,0,0.999999867,0,0,0
0.999809104,2.004318724,0.949503474,0.138831495,0.163531693,0
0.999999135,0.000239069601,0.998485102,0.00441197361,0.000231813572,0
0.999999999,4.13E-05,0.99988173,0.00235358958,4.97E-05,0
0.999999999,4.29E-05,0.999865626,0.00248590016,5.75E-05,0
1,0,0.999999945,0,0,0
0.999797575,1.891269852,0.947347393,0.141940357,0.165644123,0
0.999884869,0.431907449,0.945895917,0.124707568,0.134645009,0
1,5.33E-08,0.99999544,6.66E-05,5.32E-08,0
1,5.32E-08,0.99999544,6.66E-05,5.32E-08,0
1,0,0.999999744,1.05E-08,0,0
1,0,0.999999744,1.05E-08,0,0
0.999749665,1.362293225,0.952671663,0.133514518,0.158584798,0
0.999999515,0.0033097439,0.998745431,0.0116922688,0.00152234882,0
0.999999968,0.000167706103,0.999513098,0.0039920915,0.000177711968,0
0.999999997,3.63E-05,0.999859582,0.00184412646,4.06E-05,0
1,0,0.999999867,0,0,0
0.999906386,0.390795439,0.962460139,0.100399634,0.0911471715,0
0.999999671,0.000609484899,0.99895644,0.00726564292,0.000628004882,0
0.999999985,0.000174047522,0.999618622,0.00344703799,0.000140447281,0
0.999999996,3.41E-05,0.999839458,0.00174190556,3.66E-05,0
0.99999979,0.000495684297,0.999979665,0.00711591184,0.000504566022,0
0.999906571,1.486637042,0.953850897,0.132082378,0.1436587,0
0.999735471,1.968735365,0.938173534,0.150741621,0.185039617,0
0.99999987,0.000425100888,0.999925679,0.0081455313,0.000573520326,0
0.999998982,0.00317856286,0.999682884,0.020182593,0.00352882646,0
0.999999945,0.000299735808,0.999434788,0.0074754116,0.000451792351,0
1,0,0.999999861,0,0,0
0.9998349,3.991098883,0.952947609,0.139858326,0.161976317,0
0.999999979,0.000763980384,0.999497262,0.00869708785,0.000629095896,0
1,0,1.000000047,0,0,0
1,0,1.000000047,0,0,0
0.999999998,6.26E-05,0.999844426,0.00341317448,9.88E-05,0
0.999799837,3.004012146,0.946386246,0.148198755,0.187864587,0
0.999990372,0.0907649174,0.995275679,0.042324007,0.0155049332,0
1,0,1.000000188,0,0,0
1,0,1.000000188,0,0,0
0.999990378,0.0224003337,0.995421191,0.0423220837,0.0155030213,0
0.999899306,0.49853612,0.967614625,0.10245816,0.0901393925,0
0.999689174,7.490903484,0.925185124,0.15511788,0.202304432,0
0.999999728,0.00441836156,0.999518542,0.0084350872,0.000711991257,0
0.999999999,2.16E-05,0.999922871,0.00129219713,2.03E-05,0
1,0,1.000000069,0,0,0
1,0,1.000000069,0,0,0
0.999790805,0.982939388,0.952620593,0.133946397,0.152255347,0
0.999796474,0.140629457,0.883316152,0.184228873,0.250933147,1
0.999999983,6.66E-05,0.999699144,0.00319687185,8.86E-05,0
0.999999999,2.66E-05,0.999899575,0.00220437167,3.77E-05,0
1,0,1.000000097,0,0,0
0.999851286,0.903315906,0.96701514,0.11633145,0.105617909,0
0.999997589,0.0164390158,0.999234793,0.0380948627,0.0102799474,0
0.999999473,0.00471344191,0.99912465,0.0308747426,0.00658374279,0
0.999999351,0.00265551689,0.999973538,0.0201065759,0.00315205842,0
0.999999998,0.000399395649,0.999661132,0.00915817335,0.00060320507,0
0.999810275,3.6109185,0.949329701,0.138587489,0.143441725,0
0.999697611,2.516643034,0.946516011,0.149822618,0.165163014,0
0.999999889,0.000730191375,0.999961741,0.0128021057,0.00116374912,0
0.999999978,0.000571342676,0.999432197,0.012007038,0.00100970188,0
1,6.39E-05,0.999931154,0.00393209003,0.000108937383,0
1,3.31E-07,0.999985677,0.000169666727,3.24E-07,0
0.999656354,2.753012658,0.947366285,0.148288871,0.167343931,0
0.999999994,5.55E-05,0.99987688,0.00200811776,4.49E-05,0
0.999999999,2.47E-06,0.999909523,0.000463981382,2.44E-06,0
0.999999999,3.18E-05,0.999930042,0.00175321486,3.41E-05,0
1,0,0.99999995,0,0,0
0.999943142,1.306302355,0.968625721,0.11480823,0.0970486093,0
0.999993439,0.723378897,0.992228153,0.0482400931,0.0179711227,0
0.99999567,0.0486180147,0.995090141,0.0459159905,0.0157111189,0
0.999999995,0.000192239496,0.999629727,0.00566315117,0.000262406184,0
1,0,0.999999993,0,0,0
0.999907377,2.401497204,0.963449925,0.132112006,0.129584006,0
0.999836541,2.600221882,0.954577834,0.129409479,0.122926854,0
0.999999967,0.000130309413,0.999611832,0.00435326043,0.000159509768,0
1,7.99E-07,0.999965626,0.00026476787,7.89E-07,0
1,0,0.999999977,0,0,0
1,2.73E-07,0.999985627,0.00015479162,2.70E-07,0
0.999748807,2.292338242,0.951746315,0.145256729,0.160263389,0
0.999999999,1.32E-05,0.999892486,0.00107132609,1.30E-05,0
0.999998616,0.0045367797,0.999922804,0.0201488898,0.00343970099,0
0.999999956,0.00122719574,0.998901731,0.0136641668,0.00149037569,0
0.99999982,0.000534196502,0.999944493,0.0069899313,0.000477003148,0
0.999935621,2.319814353,0.962005251,0.12851121,0.124803961,0
1,1.38E-05,0.999968473,0.00141071321,1.85E-05,0
0.999999983,0.000151540309,0.999899017,0.00500552764,0.000197977582,0
0.999999632,0.00246888944,0.999547581,0.0194187373,0.00295920271,0
0.999999729,0.00233456183,0.999333041,0.019555452,0.00301500372,0
0.999894553,0.978125438,0.960476009,0.126629524,0.126276407,0
0.999776541,3.189467065,0.943318706,0.139779614,0.15728004,0
0.999999712,0.000815719327,0.999799108,0.0124723216,0.00116875402,0
0.999999999,1.74E-05,0.999913863,0.00122745887,1.73E-05,0
0.999999784,0.000473564999,0.999960591,0.0108097455,0.000861773614,0
0.999999916,0.000987741927,0.999737545,0.0132433219,0.00134357241,0
0.999863637,5.314772015,0.962699647,0.119852605,0.116889939,0
0.999999991,5.53E-05,0.99960903,0.00271490529,6.50E-05,0
0.999999996,2.19E-05,0.999977108,0.00143130003,2.37E-05,0
0.999999997,2.03E-05,0.999775733,0.0013154101,2.03E-05,0
0.999999962,2.80E-05,0.999945898,0.0015269941,2.74E-05,0
0.999932123,1.872827661,0.962769501,0.115297565,0.107789612,0
0.999999955,8.49E-05,0.999605451,0.00309546487,9.52E-05,0
0.999999948,0.000546603372,0.999743123,0.0102902075,0.000819867486,0
0.999999996,0.000181824881,0.999664319,0.00704801429,0.000347355156,0
0.999999998,3.16E-05,0.99993439,0.00177827431,3.28E-05,0
0.999913094,2.934658888,0.957473738,0.137259858,0.1438318,0
0.999786012,1.915408777,0.944657479,0.146983435,0.164599005,0
0.999999464,0.000225175702,0.999495353,0.0047865157,0.000249500532,0
0.999999979,6.09E-05,0.99990706,0.00296909555,7.73E-05,0
0.999999497,0.00247309168,0.999919689,0.0174245426,0.00234129086,0
0.999999807,0.00128878659,0.999309945,0.0170820084,0.00215611849,0
0.999783758,6.266877576,0.957684149,0.139440344,0.158720751,0
0.999999871,0.000764506095,0.999773049,0.0123050604,0.00117079226,0
0.999999958,0.000155627592,0.999998737,0.00413292426,0.000161563617,0
0.999999948,0.000244913939,0.99987089,0.00658345761,0.000361192604,0
0.999999999,1.85E-05,0.999918546,0.00125883591,1.89E-05,0
0.99981536,3.096844039,0.951688847,0.14655619,0.175555395,0
0.999997338,0.00633372201,0.997407321,0.0218501733,0.00498769075,0
0.999999996,4.87E-05,0.999914133,0.0031371767,7.90E-05,0
0.999992352,0.0247401363,0.995476764,0.0432309179,0.0145324981,0
0.999999858,0.000383053455,0.999987481,0.00829069251,0.000564565415,0
0.999799939,3.455025593,0.950141407,0.147472138,0.176380789,0
0.999827337,2.717700819,0.946848428,0.1377508,0.152206665,0
0.99999989,0.000386893741,0.999956158,0.00871356698,0.000593118042,0
0.999999991,0.000248784797,0.999516493,0.00779901787,0.00044958137,0
0.999999999,2.37E-05,0.999914373,0.001618073,2.69E-05,0
1,0,0.999999942,0,0,0
0.999810354,2.180950863,0.954147531,0.146744134,0.174033847,0
0.999999997,6.36E-05,0.999862235,0.00295346554,7.86E-05,0
0.999999997,8.13E-05,0.999813321,0.00340052538,0.0001037405,0
0.999999999,7.92E-05,0.999852673,0.00356311066,0.000108614531,0
1,0,0.999999975,0,0,0
0.999783731,1.525601498,0.957201591,0.134518121,0.150488667,0
0.999999962,9.87E-05,0.999696087,0.00319155077,0.000105215397,0
0.999999998,4.06E-05,0.999871589,0.0020302216,4.54E-05,0
0.999999995,1.45E-05,0.999999885,0.00104512845,1.33E-05,0
0.999995979,0.00336323959,0.999928023,0.0178575055,0.00322953502,0
0.999810281,1.127383653,0.948256057,0.137521123,0.159212046,0
0.99985505,1.229405371,0.951528075,0.127024664,0.132629587,0
0.999522556,0.10618124,0.887686048,0.14530816,0.179083965,1
0.999999998,3.77E-05,0.999893917,0.00419368322,0.000103665693,0
1,7.39E-07,0.999985699,0.000270456104,7.83E-07,0
1,8.37E-07,0.999985699,0.000270456104,7.83E-07,0
0.999814014,6.258754169,0.956935525,0.144136531,0.145675887,0
0.9999956,0.259639228,0.995817695,0.0458677446,0.0164614246,0
0.999995615,0.0307106944,0.995543879,0.0428123638,0.0147365235,0
0.999995534,0.262061294,0.99592206,0.0453484383,0.0162366858,0
0.999995483,0.0325957565,0.995125101,0.0463766084,0.0167930813,0
0.999980959,0.478468629,0.98379462,0.0761949551,0.0443486043,0
0.999999928,0.00391858766,0.99920674,0.0144427664,0.00160000696,0
0.999996138,0.0254646993,0.996135592,0.0346600645,0.0111288685,0
0.999995561,0.0252945217,0.995556114,0.0419054798,0.0145077157,0
0.999999996,2.11E-05,0.999900366,0.00164752934,2.56E-05,0
0.999801959,0.984884201,0.947693473,0.142619191,0.149100086,0
0.999930756,0.407480062,0.962745326,0.119505822,0.104349343,0
0.999999605,0.00236501304,0.99994757,0.0208701316,0.00309480605,0
0.999999999,1.09E-05,0.999865519,0.00128520542,1.40E-05,0
1,0,1.000000157,0,0,0
1,0,1.000000157,0,0,0
0.999865549,2.665784199,0.965096015,0.127231423,0.117656526,0
0.999999998,1.35E-05,0.999906092,0.00164236716,2.17E-05,0
1,0,1.000000065,0,0,0
0.999999996,3.87E-05,0.999968344,0.00289422369,6.06E-05,0
0.999999954,0.000216028788,0.999831858,0.00551922721,0.00025586109,0
0.999881106,0.865436114,0.961469602,0.11554439,0.102194959,0
0.999999596,0.00197415731,0.999873561,0.0184876258,0.00252481567,0
0.9999996,0.00182214481,0.999802712,0.017400567,0.00229501403,0
0.999999746,0.00194798852,0.999675675,0.016477636,0.00208873862,0
0.999999999,1.16E-05,0.999944163,0.00168609553,1.98E-05,0
0.999939749,0.081439474,0.979661131,0.0815487452,0.0554472594,0
0.999909815,1.987038685,0.950412983,0.132260131,0.129046127,0
0.999999898,0.000653165902,0.999912924,0.010963988,0.000896917693,0
0.999999966,0.000459193482,0.999684319,0.0120508711,0.000949360019,0
0.999999996,3.92E-05,0.999913749,0.00245135118,5.07E-05,0
0.999999971,0.000206619182,0.999945973,0.00609324289,0.000293573447,0
0.999825852,1.994525403,0.963486751,0.135329954,0.129751818,0
0.999999935,0.00140150818,0.999690578,0.0110830586,0.000916503092,0
0.999999922,0.000592719243,0.999903923,0.0110165609,0.000898359172,0
0.999999925,0.000422793358,0.999937062,0.00844371931,0.000563375092,0
0.999999995,0.000295876112,0.999713448,0.00670124773,0.00036231831,0
0.999967009,2.786918171,0.981792513,0.0875351067,0.0562851456,0
0.999999985,0.000219059104,0.999564587,0.00619810693,0.000312051713,0
0.999999896,0.000809125748,0.999743161,0.0135601297,0.00133761954,0
0.9999999,0.000702158401,0.99971875,0.0110414772,0.000950803977,0
0.999999912,0.000911184491,0.999554085,0.0129657706,0.00127944705,0
0.999958504,0.448838592,0.97717006,0.0913983858,0.0674542087,0
0.999818406,1.282366157,0.942118069,0.148463369,0.17113133,0
0.999999975,5.56E-05,0.999716933,0.00257764449,6.27E-05,0
0.999999986,5.83E-05,0.999880961,0.00251484117,5.91E-05,0
0.999998982,0.00294130486,0.999668747,0.0217928412,0.00367787528,0
0.999998709,0.00375243194,0.999410471,0.0219097332,0.00403800887,0
0.999830495,1.564264488,0.961731026,0.132648246,0.144157356,0
0.999998829,0.00567423055,0.998348669,0.026326932,0.00596591922,0
0.999999992,0.000361870676,0.999540954,0.0071733782,0.000447896996,0
0.999999842,0.00113207105,0.999417846,0.0122736728,0.00131763399,0
0.999999988,0.000589317168,0.999046262,0.0097451526,0.00080446787,0
0.999893922,1.328529545,0.959924777,0.139672232,0.154020122,0
0.999999972,0.000130579827,0.999516084,0.00374039819,0.000139751791,0
1,0,1.000000091,0,0,0
1,0,1.000000091,0,0,0
0.999999998,6.03E-05,0.999799861,0.00278664568,7.06E-05,0
0.999882395,1.964877156,0.959996812,0.125958986,0.127687084,0
0.999745244,0.728304969,0.934619778,0.12498121,0.133575664,0
1,4.13E-08,0.999994189,5.94E-05,4.13E-08,0
1,4.16E-08,0.999991435,5.96E-05,4.16E-08,0
1,5.73E-10,0.999999883,6.84E-06,5.73E-10,0
1,0,0.999999929,0,0,0
0.999798868,1.052953104,0.961255819,0.12850427,0.138599365,0
0.999999349,0.00320989436,0.998209484,0.0159239895,0.00245254219,0
0.999999967,0.000516490688,0.998980146,0.00917345432,0.000717877839,0
0.999999998,1.89E-05,0.999885637,0.00123335664,1.81E-05,0
1,0,0.999999897,0,0,0
0.999796568,0.698170483,0.947713952,0.130784994,0.142589058,0
0.999999863,4.86E-05,0.999476156,0.00222200036,5.40E-05,0
0.999999979,4.78E-05,0.999713474,0.00208711172,4.71E-05,0
0.999999997,1.55E-06,0.999958259,0.000371067255,1.63E-06,0
0.999999994,4.40E-05,0.999915413,0.00136511627,2.04E-05,0
0.999821516,1.261174461,0.960751418,0.133335576,0.140767286,0
0.999765352,2.467767609,0.941516216,0.141548231,0.164224546,0
0.999999999,5.66E-07,0.999960304,0.00021871571,5.68E-07,0
0.999999999,4.64E-07,0.999947521,0.000197803186,4.65E-07,0
1,2.11E-07,0.999982862,0.000132991358,2.10E-07,0
1,0,0.999999999,0,0,0
0.999794014,1.397139408,0.95782367,0.147199327,0.179226025,0
0.999999879,0.000809873174,0.999063098,0.0121352849,0.00119185464,0
0.999999886,0.000831563726,0.998559397,0.0129303082,0.00133507213,0
0.999999939,0.000551614068,0.999071611,0.0109268965,0.000932094697,0
0.999999992,1.34E-05,0.99981617,0.0015703938,2.12E-05,0
0.999820506,1.83694243,0.941365081,0.15108923,0.184470179,0
0.999995069,0.907036241,0.996185449,0.035992855,0.0106878943,0
0.999994726,0.0196908384,0.996357807,0.036550248,0.0111324138,0
0.999999803,0.000840489653,0.999951514,0.0088583174,0.000777029008,0
0.999999936,0.000360621514,0.999401134,0.00751313987,0.000495382451,0
0.999854519,5.573196013,0.951947706,0.146235937,0.173121813,0
0.999858783,1.699831643,0.945485301,0.137017656,0.156677242,0
0.999999866,0.000388814796,0.999930274,0.0101721859,0.00077189132,0
0.999999778,0.00107426594,0.999467362,0.0145812361,0.00167820685,0
0.999999861,0.000541927795,0.999773187,0.0107983714,0.000914570372,0
0.999999991,1.05E-05,0.99969569,0.00120680579,1.33E-05,0
0.999842118,3.545232,0.964388215,0.128271139,0.138500916,0
0.999999995,0.000269424618,0.999762283,0.00489136213,0.000211707207,0
1,0,0.999999888,0,0,0
1,0,0.999999888,0,0,0
0.999999998,2.07E-05,0.999901489,0.00131706644,2.12E-05,0
0.99984163,2.390689408,0.95614166,0.131840708,0.145128778,0
0.999996743,0.00647620955,0.996720803,0.0211053378,0.00489416727,0
0.999992154,0.0251717727,0.9952234,0.0415650004,0.0140475094,0
0.999999998,2.42E-05,0.999890554,0.00186393369,3.36E-05,0
0.999999996,5.54E-05,0.999849581,0.0026854582,6.62E-05,0
0.999887508,5.434453465,0.957778672,0.141182847,0.158118263,0
0.999858509,0.538960564,0.947818703,0.132397389,0.146047461,0
0.999999776,0.000570841409,0.999468125,0.00896121746,0.000725871902,0
1,1.44E-07,0.999985662,0.000109341321,1.45E-07,0
1,0,1.000000011,0,0,0
1,1.46E-07,0.999985662,0.000109341321,1.45E-07,0
0.999794647,6.352968024,0.950439879,0.144661073,0.171687747,0
0.999999999,1.15E-05,0.999891738,0.00096764416,1.15E-05,0
0.999999999,1.39E-05,0.999899917,0.00105610798,1.37E-05,0
0.999999999,3.84E-06,0.999936467,0.000558302002,3.83E-06,0
1,0,0.999999911,0,0,0
0.999660749,3.357802581,0.946191003,0.145789228,0.184798825,0
0.999999961,6.00E-05,0.999672357,0.00233274307,6.28E-05,0
0.999999999,1.48E-05,0.999890556,0.00109305718,1.47E-05,0
0.999999998,3.99E-05,0.999836473,0.00192471358,4.13E-05,0
1,0,1.00000001,1.05E-08,0,0
0.999799115,1.04251612,0.949504494,0.121118644,0.124905174,0
0.99983311,2.942905906,0.94416235,0.13706358,0.157857736,0
0.999999609,0.00361890296,0.997595043,0.0228895231,0.00439713166,0
0.999999962,0.000675672218,0.9988114,0.00963259382,0.000837590006,0
1,1.31E-07,0.999985661,0.000103072575,1.30E-07,0
1,0,1.00000001,0,0,0
0.999659778,3.861481849,0.951829223,0.138460586,0.159832349,0
0.999824134,0.188629365,0.898876379,0.174030122,0.239228996,0
0.999999777,0.00416176184,0.997909807,0.0193717522,0.00281080795,0
1,2.12E-07,0.999984377,0.000136499032,2.13E-07,0
1,2.14E-07,0.999984377,0.000136499032,2.13E-07,0
0.999748397,1.674939942,0.949375628,0.135114065,0.146067526,0
0.999997928,0.0205293693,0.997889353,0.0260986613,0.00450214857,0
0.999999998,2.60E-07,0.999909217,0.000149228005,2.60E-07,0
0.999999963,2.49E-05,0.999987791,0.00143650156,2.39E-05,0
0.99999983,0.00148286139,0.998971711,0.00834220354,0.00049809788,0
0.999309103,1.559045093,0.937882723,0.129502085,0.1370346,0
